sep=,
Time,Temperature,Voltage,Current
s,deg.C/100,V,mA

1.4844899178,0.334,0,0
1.9844899178,0.334,0,0
2.4845099449,0.334,0,0
2.9845099449,0.334,0,0
3.4845199585,0.334,0,0
3.9845099449,0.334,0,0
4.4844799042,0.334,0,0
4.9845199585,0.334,0,0
5.4844799042,0.334,0,0
5.9845199585,0.334,0,0
6.4847700596,0.333,0,0
6.9844799042,0.333,0,0
7.4844200611,0.334,0,0
7.9844799042,0.333,0,0
8.4845099449,0.334,0,0
8.9844999313,0.333,0,0
9.4845099449,0.333,0,0
9.9845099449,0.333,0,0
10.4845099449,0.333,16.496,0
10.9845099449,0.333,16.688,0
11.4845099449,0.333,16.689,0
11.9845099449,0.333,16.689,1489
12.4844601154,0.333,16.69,1494
12.9844899178,0.332,16.69,1494
13.4844601154,0.333,16.69,1494
13.9844799042,0.333,16.69,1493
14.4845099449,0.334,16.691,1493
14.9844999313,0.334,16.691,1493
15.4844799042,0.335,16.691,1492
15.9844999313,0.336,16.691,1492
16.4845099449,0.337,16.691,1492
16.9844799042,0.338,16.691,1491
17.4844999313,0.339,16.691,1491
17.9844999313,0.34,16.691,1491
18.4844200611,0.341,16.691,1491
18.9845099449,0.342,16.692,1491
19.4845099449,0.344,16.692,1491
19.9844999313,0.346,16.692,1490
20.4845199585,0.347,16.692,1490
20.9845099449,0.347,16.692,1490
21.4845099449,0.35,16.692,1490
21.9845199585,0.352,16.692,1490
22.4844799042,0.353,16.692,1489
22.9844999313,0.355,16.692,1489
23.4844400883,0.357,16.692,1489
23.9845199585,0.358,16.692,1489
24.4844999313,0.36,16.692,1489
24.9845099449,0.361,16.692,1488
25.4844999313,0.363,16.692,1488
25.9844799042,0.366,16.693,1488
26.4844799042,0.367,16.692,1488
26.9845099449,0.368,16.692,1488
27.4844799042,0.371,16.693,1487
27.9845099449,0.373,16.693,1487
28.4845299721,0.375,16.693,1487
28.9845199585,0.376,16.693,1487
29.4844999313,0.378,16.693,1487
29.9844999313,0.381,16.693,1487
30.4844799042,0.383,16.693,1486
30.9845099449,0.386,16.693,1486
31.4844799042,0.388,16.693,1486
31.9844799042,0.389,16.693,1486
32.4844601154,0.392,16.693,1486
32.9844999313,0.394,16.693,1486
33.4845199585,0.395,16.693,1486
33.9844799042,0.398,16.693,1485
34.4844999313,0.398,16.693,1485
34.9845099449,0.398,16.693,1485
35.4845099449,0.398,16.694,1485
35.9845099449,0.398,16.694,1484
36.4844799042,0.409,16.694,1485
36.9844999313,0.41,16.694,1484
37.4844999313,0.413,16.693,1484
37.9844799042,0.415,16.694,1484
38.4844601154,0.418,16.694,1484
38.9844799042,0.419,16.694,1484
39.4844999313,0.422,16.694,1484
39.9844999313,0.424,16.694,1484
40.4845199585,0.426,16.694,1483
40.9845099449,0.429,16.694,1483
41.4844799042,0.43,16.694,1483
41.9844899178,0.433,16.694,1483
42.4844698906,0.435,16.694,1483
42.9845099449,0.438,16.694,1483
43.4844601154,0.44,16.694,1483
43.9844799042,0.442,16.694,1483
44.4845099449,0.444,16.694,1483
44.9844799042,0.445,16.694,1483
45.4844799042,0.449,16.694,1483
45.9844899178,0.451,16.694,1482
46.4844999313,0.452,16.694,1482
46.9845099449,0.454,16.694,1482
47.4844799042,0.457,16.694,1482
47.9845099449,0.46,16.694,1482
48.4844799042,0.462,16.694,1482
48.9844999313,0.465,16.694,1482
49.4845199585,0.466,16.694,1482
49.9845099449,0.469,16.694,1482
50.4845199585,0.47,16.694,1482
50.9844799042,0.473,16.694,1482
51.4845099449,0.475,16.694,1481
51.9844799042,0.477,16.694,1481
52.4845099449,0.48,16.694,1482
52.9845099449,0.482,16.694,1481
53.4845099449,0.483,16.694,1481
53.9845099449,0.486,16.694,1481
54.4844300747,0.489,16.694,1481
54.9844799042,0.491,16.694,1481
55.4844799042,0.493,16.694,1482
55.9844799042,0.496,16.694,1481
56.4844799042,0.497,16.694,1481
56.9844799042,0.5,16.694,1481
57.4844999313,0.502,16.694,1481
57.9844799042,0.503,16.694,1481
58.4844999313,0.506,16.694,1481
58.9845099449,0.509,16.694,1481
59.4845099449,0.512,16.694,1481
59.9845099449,0.513,16.694,1481
60.4844799042,0.515,16.694,1481
60.9844799042,0.516,16.694,1481
61.4844799042,0.519,16.694,1481
61.9844899178,0.521,16.694,1481
62.4844799042,0.524,16.694,1481
62.9844799042,0.525,16.694,1481
63.4845099449,0.527,16.694,1481
63.9845099449,0.53,16.694,1480
64.4844999313,0.533,16.694,1481
64.9845199585,0.535,16.694,1481
65.4845199585,0.536,16.694,1480
65.9845099449,0.538,16.694,1480
66.4844300747,0.54,16.694,1481
66.9845099449,0.543,16.694,1481
67.4845099449,0.543,16.694,1480
67.9844999313,0.547,16.694,1480
68.4844698906,0.549,16.694,1480
68.9844999313,0.552,16.694,1480
69.4845099449,0.553,16.694,1480
69.9844200611,0.555,16.694,1480
70.4844799042,0.558,16.694,1480
70.9845099449,0.56,16.694,1480
71.4844799042,0.563,16.694,1480
71.9844799042,0.564,16.694,1480
72.4844300747,0.566,16.694,1479
72.9845099449,0.569,16.694,1479
73.4844698906,0.57,16.694,1479
73.9845099449,0.573,16.694,1479
74.4844999313,0.575,16.694,1480
74.9845299721,0.576,16.694,1479
75.4844799042,0.579,16.694,1479
75.9844698906,0.581,16.694,1479
76.4845299721,0.582,16.694,1479
76.9845099449,0.586,16.694,1479
77.4845099449,0.588,16.694,1479
77.9844799042,0.589,16.694,1479
78.4844799042,0.592,16.694,1479
78.9844899178,0.594,16.693,1479
79.4844799042,0.596,16.694,1479
79.9845299721,0.597,16.694,1479
80.4844799042,0.6,16.694,1479
80.9845099449,0.602,16.694,1479
81.4844799042,0.604,16.694,1479
81.9845099449,0.606,16.694,1479
82.4845199585,0.609,16.694,1479
82.9844799042,0.61,16.693,1479
83.4845099449,0.612,16.693,1479
83.9845199585,0.615,16.694,1479
84.4844501019,0.617,16.694,1479
84.9844999313,0.618,16.694,1479
85.4844799042,0.621,16.693,1479
85.9844200611,0.622,16.694,1479
86.4844799042,0.624,16.694,1479
86.9844799042,0.627,16.694,1479
87.4845099449,0.629,16.694,1479
87.9844799042,0.631,16.694,1479
88.4844799042,0.633,16.694,1479
88.9845199585,0.636,16.694,1479
89.4845099449,0.637,16.693,1479
89.9845099449,0.64,16.694,1479
90.4845099449,0.64,16.694,1479
90.9844799042,0.643,16.694,1478
91.4844601154,0.645,16.693,1479
91.9844999313,0.647,16.693,1479
92.4844999313,0.648,16.694,1479
92.9845099449,0.651,16.694,1479
93.4845099449,0.653,16.693,1479
93.9844999313,0.654,16.694,1479
94.4844799042,0.657,16.694,1478
94.9844799042,0.659,16.694,1479
95.4844999313,0.661,16.694,1478
95.9845099449,0.662,16.693,1479
96.4844400883,0.665,16.694,1479
96.9845199585,0.667,16.694,1479
97.4844999313,0.668,16.694,1479
97.9845099449,0.671,16.694,1479
98.4844698906,0.673,16.694,1479
98.9845099449,0.674,16.693,1479
99.4845099449,0.677,16.694,1478
99.9845099449,0.677,16.694,1478
100.4845099449,0.68,16.694,1479
100.9844999313,0.682,16.694,1478
101.4844799042,0.685,16.694,1478
101.9844799042,0.687,16.693,1479
102.4844400883,0.689,16.693,1479
102.9844300747,0.69,16.693,1478
103.4844799042,0.693,16.693,1478
103.9845099449,0.695,16.693,1478
104.4845099449,0.697,16.694,1477
104.9844799042,0.698,16.693,1476
105.4844899178,0.701,16.693,1476
105.9845199585,0.703,16.694,1475
106.4845199585,0.706,16.694,1475
106.9845099449,0.708,16.693,1476
107.4845099449,0.709,16.693,1476
107.9844899178,0.712,16.693,1476
108.4844501019,0.714,16.693,1476
108.9845099449,0.715,16.694,1476
109.4845099449,0.718,16.693,1476
109.9845199585,0.719,16.693,1476
110.4845099449,0.721,16.694,1476
110.9844799042,0.723,16.693,1476
111.4845099449,0.725,16.694,1476
111.9845099449,0.726,16.694,1476
112.4845099449,0.729,16.694,1476
112.9845099449,0.732,16.693,1477
113.4845199585,0.733,16.693,1477
113.9844799042,0.734,16.693,1477
114.4844601154,0.737,16.693,1477
114.9844999313,0.739,16.693,1477
115.4845099449,0.74,16.693,1477
115.9845099449,0.743,16.693,1477
116.4845199585,0.744,16.693,1477
116.9845099449,0.746,16.693,1477
117.4845099449,0.749,16.693,1477
117.9845199585,0.751,16.693,1477
118.4845099449,0.752,16.693,1477
118.9844799042,0.755,16.693,1477
119.4845099449,0.757,16.693,1477
119.9845099449,0.759,16.693,1477
120.4844799042,0.76,16.694,1477
120.9845099449,0.762,16.693,1477
121.4845199585,0.763,16.693,1477
121.9845199585,0.765,16.693,1477
122.4845099449,0.767,16.693,1477
122.9844799042,0.768,16.693,1477
123.4844799042,0.771,16.693,1477
123.9845099449,0.773,16.694,1477
124.4844799042,0.774,16.694,1477
124.9845199585,0.777,16.693,1477
125.4844899178,0.779,16.693,1477
125.9845099449,0.781,16.694,1477
126.4845099449,0.783,16.693,1477
126.9845099449,0.784,16.693,1477
127.4845099449,0.786,16.693,1477
127.9844799042,0.788,16.693,1477
128.4844698906,0.79,16.694,1477
128.9845099449,0.792,16.693,1477
129.4844999313,0.793,16.693,1478
129.9845099449,0.795,16.694,1477
130.4844899178,0.797,16.694,1478
130.9845099449,0.799,16.693,1477
131.4845099449,0.8,16.693,1478
131.9844799042,0.802,16.693,1477
132.4844501019,0.804,16.694,1478
132.9845099449,0.805,16.693,1477
133.4844698906,0.807,16.693,1477
133.9845099449,0.809,16.693,1477
134.4845099449,0.812,16.694,1478
134.9845099449,0.813,16.693,1477
135.4844999313,0.815,16.694,1478
135.9845099449,0.816,16.694,1477
136.4845099449,0.819,16.694,1477
136.9844799042,0.821,16.693,1477
137.4844799042,0.822,16.694,1477
137.9844799042,0.824,16.694,1477
138.4844501019,0.824,16.694,1477
138.9844799042,0.827,16.694,1477
139.4844999313,0.828,16.694,1477
139.9845299721,0.83,16.694,1477
140.4844799042,0.831,16.694,1477
140.9845099449,0.834,16.694,1477
141.4844999313,0.836,16.694,1477
141.9844799042,0.837,16.694,1477
142.4844698906,0.839,16.694,1477
142.9845099449,0.84,16.694,1477
143.4844501019,0.842,16.693,1477
143.9845099449,0.843,16.694,1477
144.4844799042,0.846,16.694,1477
144.9845099449,0.847,16.694,1477
145.4844799042,0.849,16.694,1477
145.9845099449,0.85,16.694,1477
146.4844899178,0.852,16.694,1477
146.9845099449,0.854,16.694,1477
147.4844799042,0.855,16.694,1478
147.9845099449,0.858,16.694,1477
148.4845199585,0.86,16.694,1477
148.9845099449,0.861,16.694,1478
149.4844200611,0.863,16.694,1477
149.9845199585,0.865,16.694,1478
150.4844400883,0.867,16.694,1477
150.9844899178,0.868,16.694,1477
151.4845199585,0.87,16.694,1477
151.9845199585,0.872,16.694,1477
152.4845199585,0.872,16.694,1477
152.9845199585,0.872,16.694,1478
153.4845199585,0.872,16.694,1477
153.9845099449,0.872,16.694,1478
154.4844601154,0.88,16.694,1478
154.9844799042,0.882,16.694,1477
155.4845199585,0.885,16.694,1478
155.9844899178,0.886,16.694,1478
156.4845099449,0.887,16.694,1478
156.9845099449,0.888,16.694,1478
157.4845099449,0.89,16.694,1477
157.9844899178,0.892,16.694,1478
158.4844601154,0.894,16.694,1478
158.9844799042,0.895,16.694,1478
159.4844799042,0.897,16.694,1478
159.9845199585,0.9,16.694,1477
160.4845099449,0.901,16.694,1477
160.9845199585,0.902,16.694,1477
161.4845199585,0.903,16.694,1478
161.9845099449,0.905,16.694,1478
162.4844501019,0.907,16.694,1478
162.9845099449,0.909,16.694,1478
163.4844698906,0.91,16.694,1477
163.9844999313,0.911,16.695,1478
164.4845099449,0.913,16.694,1478
164.9845099449,0.914,16.694,1478
165.4844200611,0.916,16.694,1477
165.9845199585,0.917,16.694,1477
166.4845199585,0.919,16.695,1478
166.9845199585,0.921,16.694,1477
167.4845199585,0.922,16.695,1477
167.9845099449,0.925,16.695,1477
168.4844799042,0.925,16.695,1477
168.9845199585,0.927,16.695,1478
169.4845199585,0.929,16.695,1478
169.9844999313,0.929,16.695,1477
170.4845199585,0.932,16.695,1477
170.9845099449,0.933,16.695,1477
171.4845199585,0.935,16.695,1477
171.9844601154,0.936,16.695,1477
172.4845099449,0.939,16.695,1478
172.9845099449,0.94,16.695,1477
173.4845099449,0.941,16.694,1477
173.9845099449,0.943,16.694,1477
174.4844799042,0.944,16.694,1477
174.9845299721,0.947,16.694,1477
175.4845099449,0.948,16.695,1477
175.9845199585,0.95,16.694,1477
176.4844799042,0.951,16.695,1477
176.9845099449,0.953,16.695,1477
177.4844799042,0.954,16.695,1477
177.9844799042,0.957,16.695,1476
178.4844999313,0.958,16.695,1476
178.9845099449,0.96,16.695,1476
179.4845099449,0.961,16.695,1476
179.9845199585,0.963,16.695,1476
180.4844501019,0.964,16.695,1476
180.9845700264,0.966,16.695,1476
181.4845099449,0.968,16.695,1476
181.9844799042,0.969,16.695,1476
182.4844300747,0.971,16.695,1476
182.9845199585,0.971,16.695,1476
183.4845199585,0.974,16.695,1476
183.9845099449,0.976,16.695,1476
184.4845099449,0.977,16.695,1476
184.9844799042,0.979,16.695,1476
185.4845099449,0.98,16.696,1476
185.9845099449,0.981,16.695,1476
186.4844799042,0.983,16.695,1476
186.9845099449,0.984,16.695,1475
187.4845099449,0.986,16.695,1475
187.9845099449,0.988,16.695,1476
188.4845099449,0.989,16.695,1476
188.9845099449,0.991,16.696,1476
189.4845099449,0.993,16.695,1476
189.9845099449,0.994,16.695,1475
190.4844799042,0.996,16.696,1476
190.9845099449,0.997,16.695,1476
191.4845099449,1,16.696,1475
191.9845099449,1,16.696,1476
192.4844400883,1.002,16.695,1475
192.9844799042,1.003,16.695,1475
193.4844601154,1.005,16.695,1476
193.9844799042,1.006,16.695,1476
194.4845099449,1.009,16.695,1476
194.9844799042,1.009,16.695,1476
195.4844999313,1.012,16.696,1475
195.9845099449,1.014,16.696,1475
196.4845099449,1.014,16.696,1475
196.9844999313,1.016,16.696,1476
197.4844799042,1.018,16.696,1476
197.9845099449,1.02,16.695,1476
198.4844799042,1.021,16.695,1475
198.9845099449,1.022,16.695,1476
199.4845099449,1.024,16.695,1476
199.9845099449,1.026,16.695,1476
200.4845099449,1.027,16.696,1476
200.9845099449,1.029,16.695,1476
201.4844899178,1.03,16.696,1476
201.9845099449,1.032,16.696,1476
202.4845099449,1.033,16.696,1476
202.9845099449,1.034,16.696,1476
203.4845199585,1.036,16.696,1476
203.9845099449,1.037,16.696,1476
204.4844501019,1.04,16.696,1476
204.9845099449,1.041,16.696,1476
205.4845199585,1.043,16.696,1475
205.9845099449,1.043,16.696,1476
206.4845199585,1.045,16.696,1476
206.9845099449,1.046,16.696,1475
207.4845099449,1.048,16.696,1476
207.9844799042,1.05,16.696,1476
208.4845099449,1.052,16.696,1476
208.9845099449,1.053,16.696,1475
209.4844899178,1.054,16.696,1476
209.9845199585,1.055,16.696,1476
210.4845099449,1.057,16.697,1475
210.9844799042,1.059,16.696,1476
211.4845199585,1.06,16.696,1475
211.9845099449,1.062,16.696,1475
212.4844799042,1.063,16.697,1475
212.9845099449,1.064,16.697,1475
213.4845099449,1.066,16.696,1475
213.9844799042,1.067,16.697,1475
214.4844799042,1.069,16.697,1475
214.9844799042,1.07,16.696,1475
215.4845199585,1.073,16.697,1475
215.9844601154,1.073,16.696,1474
216.4844501019,1.074,16.697,1474
216.9845099449,1.076,16.697,1474
217.4844999313,1.078,16.697,1474
217.9845099449,1.079,16.697,1474
218.4845099449,1.08,16.697,1474
218.9844799042,1.081,16.697,1474
219.4845099449,1.082,16.697,1474
219.9845099449,1.084,16.697,1474
220.4845099449,1.086,16.697,1474
220.9845099449,1.087,16.697,1474
221.4845099449,1.087,16.696,1474
221.9845199585,1.09,16.697,1474
222.4844400883,1.09,16.697,1474
222.9844899178,1.092,16.697,1473
223.4845099449,1.093,16.697,1473
223.9845099449,1.095,16.697,1474
224.4845199585,1.096,16.697,1473
224.9845099449,1.097,16.697,1473
225.4845099449,1.099,16.697,1473
225.9845099449,1.101,16.697,1473
226.4845099449,1.101,16.697,1473
226.9845099449,1.103,16.697,1473
227.4845099449,1.104,16.697,1473
227.9845099449,1.106,16.697,1473
228.4844601154,1.107,16.697,1473
228.9844799042,1.107,16.697,1473
229.4845099449,1.109,16.697,1473
229.9844799042,1.111,16.697,1473
230.4845099449,1.112,16.697,1473
230.9845099449,1.115,16.697,1473
231.4845099449,1.115,16.697,1473
231.9845199585,1.117,16.697,1473
232.4844601154,1.118,16.697,1473
232.9845199585,1.12,16.697,1473
233.4844899178,1.12,16.697,1473
233.9845099449,1.121,16.697,1473
234.4844501019,1.122,16.697,1473
234.9845099449,1.123,16.697,1472
235.4845099449,1.125,16.698,1472
235.9844799042,1.127,16.698,1473
236.4845099449,1.127,16.697,1473
236.9845099449,1.129,16.697,1473
237.4844799042,1.13,16.697,1473
237.9845099449,1.131,16.698,1473
238.4845099449,1.133,16.698,1473
238.9845099449,1.134,16.697,1473
239.4844999313,1.135,16.697,1473
239.9844899178,1.137,16.697,1473
240.4844400883,1.138,16.697,1473
240.9845099449,1.139,16.697,1473
241.4845099449,1.141,16.697,1473
241.9845099449,1.142,16.697,1473
242.4844999313,1.143,16.697,1473
242.9845099449,1.145,16.697,1473
243.4844799042,1.145,16.694,1473
243.9845099449,1.147,16.696,1473
244.4844601154,1.149,16.696,1473
244.9888899326,1.15,16.695,1473
245.4844999313,1.152,16.696,1473
245.9844501019,1.153,16.696,1472
246.4844400883,1.154,16.696,1473
246.9845099449,1.155,16.697,1473
247.4844799042,1.157,16.696,1473
247.9845099449,1.158,16.697,1473
248.4845099449,1.158,16.696,1473
248.9844799042,1.16,16.696,1473
249.4845099449,1.161,16.697,1472
249.9845199585,1.161,16.696,1473
250.4844601154,1.163,16.695,1473
250.9845099449,1.164,16.696,1473
251.4844799042,1.165,16.696,1473
251.9844799042,1.167,16.696,1473
252.4844799042,1.168,16.696,1473
252.9845099449,1.168,16.697,1473
253.4844601154,1.17,16.696,1473
253.9844799042,1.17,16.696,1473
254.4845099449,1.172,16.696,1473
254.9845099449,1.173,16.696,1473
255.4845099449,1.174,16.696,1473
255.9845099449,1.175,16.696,1473
256.4844799042,1.176,16.696,1474
256.9845099449,1.178,16.696,1473
257.4845099449,1.178,16.696,1474
257.9844999313,1.18,16.696,1474
258.4845099449,1.181,16.696,1474
258.9844799042,1.182,16.696,1474
259.4844899178,1.183,16.696,1474
259.9844799042,1.184,16.696,1474
260.4844999313,1.186,16.696,1474
260.9845099449,1.187,16.696,1474
261.4844799042,1.188,16.695,1474
261.9844300747,1.188,16.696,1474
262.4844999313,1.19,16.695,1474
262.9844799042,1.192,16.695,1474
263.4844799042,1.193,16.695,1474
263.9844799042,1.193,16.695,1474
264.4844601154,1.195,16.695,1475
264.9844999313,1.196,16.69,1474
265.4844999313,1.197,16.69,1475
265.9844799042,1.198,16.687,1475
266.4845099449,1.199,13.771,1475
266.9844799042,1.201,0,1475
267.4844999313,1.201,0,1475
267.9844799042,1.203,0,1470
268.4845199585,1.204,0,0
268.9845099449,1.206,0,0
269.4845099449,1.206,0,0
269.9845099449,1.207,0,0
270.4844501019,1.207,0,0
270.9845099449,1.207,0,0
271.4845099449,1.207,0,0
271.9844999313,1.207,0,0
272.4845299721,1.21,0,0
272.9845099449,1.21,0,0
273.4845099449,1.21,0,0
273.9845099449,1.211,0,0
274.4845099449,1.211,0,0
274.9845099449,1.21,0,0
275.4845099449,1.211,0,0
275.9844799042,1.21,0,0
276.4844799042,1.21,0,0
276.9845099449,1.21,0,0
277.4844999313,1.209,0,0
277.9845099449,1.209,0,0
278.4844698906,1.208,0,0
278.9845099449,1.208,0,0
279.4844698906,1.208,0,0
279.9845099449,1.207,0,0
280.4845099449,1.207,0,0
280.9844999313,1.206,0,0
281.4844799042,1.205,0,0
281.9845099449,1.205,0,0
282.4844501019,1.204,0,0
282.9844899178,1.203,0,0
283.4845099449,1.202,0,0
283.9844799042,1.202,0,0
284.4845099449,1.2,0,0
284.9844799042,1.2,0,0
285.4844899178,1.199,0,0
285.9844799042,1.198,0,0
286.4844999313,1.198,0,0
286.9845099449,1.196,0,0
287.4845099449,1.195,0,0
287.9845099449,1.194,0,0
288.4844799042,1.194,0,0
288.9845099449,1.193,0,0
289.4845099449,1.192,0,0
289.9844999313,1.19,0,0
290.4844799042,1.19,0,0
290.9845099449,1.188,0,0
291.4844999313,1.188,0,0
291.9845099449,1.187,0,0
292.4844799042,1.186,0,0
292.9845099449,1.184,0,0
293.4844999313,1.183,0,0
293.9844400883,1.182,0,0
294.4844400883,1.181,0,0
294.9845099449,1.18,0,0
295.4844799042,1.179,0,0
295.9845099449,1.177,0,0
296.4844698906,1.177,0,0
296.9844501019,1.176,0,0
297.4844799042,1.174,0,0
297.9844999313,1.174,0,0
298.4845099449,1.172,0,0
298.9845099449,1.172,0,0
299.4844799042,1.171,0,0
299.9845099449,1.17,0,0
300.4844100475,1.169,0,0
300.9845099449,1.168,0,0
301.4845099449,1.167,0,0
301.9845199585,1.166,0,0
302.4845099449,1.165,0,0
302.9845099449,1.164,0,0
303.4845099449,1.163,0,0
303.9844999313,1.162,0,0
304.4844300747,1.161,0,0
304.9844999313,1.16,0,0
305.4845099449,1.159,0,0
305.9844799042,1.158,0,0
306.4844799042,1.157,0,0
306.9845099449,1.156,0,0
307.4844799042,1.155,0,0
307.9845099449,1.154,0,0
308.4844601154,1.153,0,0
308.9844799042,1.153,0,0
309.4844999313,1.151,0,0
309.9844799042,1.15,0,0
310.4844799042,1.149,0,0
310.9845099449,1.148,0,0
311.4844999313,1.147,0,0
311.9844799042,1.146,0,0
312.4845099449,1.145,0,0
312.9845099449,1.144,0,0
313.4844698906,1.143,0,0
313.9845199585,1.141,0,0
314.4845099449,1.141,0,0
314.9844799042,1.139,0,0
315.4845199585,1.139,0,0
315.9845099449,1.137,0,0
316.4844999313,1.136,0,0
316.9845099449,1.135,0,0
317.4844799042,1.134,0,0
317.9844799042,1.133,0,0
318.4844799042,1.132,0,0
318.9845099449,1.131,0,0
319.4845099449,1.13,0,0
319.9845099449,1.129,0,0
320.4844799042,1.128,0,0
320.9844799042,1.127,0,0
321.4845299721,1.126,0,0
321.9845299721,1.125,0,0
322.4845099449,1.123,0,0
322.9845099449,1.123,0,0
323.4844799042,1.121,0,0
323.9844799042,1.121,0,0
324.4844200611,1.119,0,0
324.9844999313,1.119,0,0
325.4848899841,1.118,0,0
325.9844799042,1.116,0,0
326.4845099449,1.116,0,0
326.9844799042,1.114,0,0
327.4844799042,1.113,0,0
327.9844799042,1.111,0,0
328.4844999313,1.111,0,0
328.9844799042,1.109,0,0
329.4844698906,1.109,0,0
329.9845099449,1.107,0,0
330.4844799042,1.107,0,0
330.9844799042,1.105,0,0
331.4845099449,1.105,0,0
331.9845099449,1.103,0,0
332.4845099449,1.102,0,0
332.9844799042,1.101,0,0
333.4845099449,1.1,0,0
333.9845099449,1.099,0,0
334.4844799042,1.098,0,0
334.9844799042,1.097,0,0
335.4844799042,1.096,0,0
335.9845099449,1.095,0,0
336.4844400883,1.094,0,0
336.9844999313,1.093,0,0
337.4845299721,1.093,0,0
337.9844999313,1.091,0,0
338.4844799042,1.09,0,0
338.9844799042,1.089,0,0
339.4844799042,1.088,0,0
339.9844999313,1.087,0,0
340.4845099449,1.086,0,0
340.9844799042,1.085,0,0
341.4844300747,1.083,0,0
341.9844799042,1.083,0,0
342.4844300747,1.082,0,0
342.9845099449,1.081,0,0
343.4845099449,1.08,0,0
343.9845099449,1.079,0,0
344.4844698906,1.078,0,0
344.9844799042,1.077,0,0
345.4844799042,1.076,0,0
345.9844999313,1.075,0,0
346.4844799042,1.074,0,0
346.9844999313,1.073,0,0
347.4844698906,1.072,0,0
347.9844799042,1.071,0,0
348.4844200611,1.07,0,0
348.9844799042,1.069,0,0
349.4845099449,1.068,0,0
349.9845099449,1.067,0,0
350.4845099449,1.065,0,0
350.9844799042,1.064,0,0
351.4845099449,1.063,0,0
351.9845099449,1.063,0,0
352.4845099449,1.061,0,0
352.9844899178,1.06,0,0
353.4845099449,1.059,0,0
353.9845099449,1.058,0,0
354.4844698906,1.057,0,0
354.9845099449,1.056,0,0
355.4845099449,1.054,0,0
355.9844799042,1.054,0,0
356.4844799042,1.052,0,0
356.9844799042,1.052,0,0
357.4844698906,1.05,0,0
357.9844799042,1.049,0,0
358.4844999313,1.047,0,0
358.9845099449,1.047,0,0
359.4845099449,1.045,0,0
359.9844999313,1.045,0,0
360.4844799042,1.043,0,0
360.9844799042,1.043,0,0
361.4845099449,1.041,0,0
361.9844999313,1.039,0,0
362.4844999313,1.039,0,0
362.9844999313,1.037,0,0
363.4845099449,1.037,0,0
363.9845199585,1.036,0.001,0
364.4845099449,1.035,0,0
364.9845099449,1.034,0,0
365.4845099449,1.033,0,0
365.9844799042,1.031,0,0
366.4844400883,1.031,0.001,0
366.9844799042,1.03,0,0
367.4844999313,1.028,0,0
367.9844799042,1.028,0,0
368.4845099449,1.028,0,0
368.9844999313,1.026,0,0
369.4845499992,1.025,0,0
369.9844799042,1.024,0,0
370.4845199585,1.024,0,0
370.9845299721,1.022,0,0
371.4844999313,1.021,0,0
371.9845199585,1.02,0,0
372.4844799042,1.02,0,0
372.9844799042,1.018,0.001,0
373.4844799042,1.018,0,0
373.9844799042,1.016,0,0
374.4844799042,1.015,0,0
374.9844799042,1.014,0,0
375.4844799042,1.014,0,0
375.9844799042,1.012,0,0
376.4844799042,1.012,0,0
376.9844799042,1.011,0,0
377.4844698906,1.01,0,0
377.9844799042,1.008,0,0
378.4844601154,1.008,0,0
378.9844999313,1.006,0,0
379.4844999313,1.005,0,0
379.9845199585,1.005,0,0
380.4845199585,1.003,0,0
380.9844999313,1.003,0,0
381.4845099449,1.002,0,0
381.9845099449,1.002,0.001,0
382.4845099449,1,0,0
382.9845099449,0.999,0,0
383.4844999313,0.999,0,0
383.9845099449,0.998,0,0
384.4844601154,0.997,0,0
384.9844899178,0.996,0,0
385.4845099449,0.995,0,0
385.9844999313,0.994,0,0
386.4845099449,0.993,0,0
386.9845099449,0.992,0,0
387.4844799042,0.992,0,0
387.9846100807,0.99,0,0
388.4844899178,0.99,0,0
388.9844899178,0.99,0,0
389.4845099449,0.99,0,0
389.9845099449,0.99,0,0
390.4844300747,0.99,0,0
390.9845099449,0.985,0,0
391.4845199585,0.985,0,0
391.9845099449,0.983,0,0
392.4845199585,0.983,0,0
392.9844799042,0.982,0,0
393.4844300747,0.981,0,0
393.9845099449,0.981,0,0
394.4844799042,0.979,0,0
394.9845099449,0.979,0,0
395.4845199585,0.978,0,0
395.9844999313,0.977,0,0
396.4844400883,0.975,0,0
396.9845099449,0.975,0,0
397.4844999313,0.974,0,0
397.9844999313,0.972,0,0
398.4844698906,0.972,0,0
398.9845099449,0.971,0,0
399.4845099449,0.971,0,0
399.9844799042,0.969,0,0
400.4844799042,0.968,0,0
400.9845099449,0.967,0,0
401.4844799042,0.967,0,0
401.9845099449,0.965,0,0
402.4844100475,0.964,0,0
402.9845099449,0.963,0,0
403.4845199585,0.963,0,0
403.9844300747,0.962,0,0
404.4844999313,0.961,0,0
404.9844999313,0.961,0,0
405.4844799042,0.959,0,0
405.9844999313,0.958,0,0
406.4845099449,0.958,0,0
406.9844799042,0.957,0,0
407.4845099449,0.956,0,0
407.9844799042,0.955,0,0
408.4844799042,0.954,0.001,0
408.9844999313,0.954,0,0
409.4844698906,0.953,0,0
409.9844999313,0.952,0,0
410.4844999313,0.951,0,0
410.9844999313,0.95,0,0
411.4844899178,0.949,0,0
411.9844799042,0.948,0,0
412.4845099449,0.948,0,0
412.9844601154,0.947,0,0
413.4845099449,0.946,0,0
413.9844799042,0.945,0,0
414.4844899178,0.945,0,0
414.9844799042,0.944,0,0
415.4844799042,0.942,0,0
415.9845099449,0.942,0,0
416.4844799042,0.941,0,0
416.9845099449,0.94,0,0
417.4844799042,0.939,0,0
417.9845099449,0.938,0,0
418.4845099449,0.938,0,0
418.9844999313,0.937,0,0
419.4844799042,0.936,0,0
419.9844799042,0.935,0,0
420.4844200611,0.934,0,0
420.9844200611,0.934,0,0
421.4844799042,0.933,0.001,0
421.9844999313,0.932,0,0
422.4844799042,0.931,0,0
422.9845099449,0.93,0,0
423.4845099449,0.93,0,0
423.9844999313,0.929,0,0
424.4845199585,0.928,0,0
424.9844799042,0.927,0,0
425.4844601154,0.926,0,0
425.9844799042,0.925,0,0
426.4844400883,0.924,0,0
426.9845099449,0.923,0,0
427.4844799042,0.922,0,0
427.9845099449,0.922,0,0
428.4844799042,0.921,0,0
428.9844799042,0.92,0,0
429.4845099449,0.919,0,0
429.9845099449,0.918,0,0
430.4845099449,0.917,0,0
430.9844799042,0.917,0,0
431.4844799042,0.915,0,0
431.9844799042,0.915,0,0
432.4844501019,0.914,0,0
432.9844999313,0.913,0,0
433.4844698906,0.912,0,0
433.9844999313,0.911,0,0
434.4844999313,0.911,0,0
434.9844999313,0.909,0,0
435.4844799042,0.909,0,0
435.9845099449,0.908,0,0
436.4844799042,0.907,0,0
436.9844200611,0.906,0,0
437.4845099449,0.906,0,0
437.9845099449,0.905,0,0
438.4844501019,0.904,0,0
438.9845099449,0.903,0,0
439.4845099449,0.902,0,0
439.9845099449,0.901,0,0
440.4845099449,0.9,0,0
440.9844999313,0.9,0,0
441.4844899178,0.898,0,0
441.9845099449,0.898,0,0
442.4845099449,0.898,0,0
442.9844799042,0.896,0,0
443.4845099449,0.895,0,0
443.9845099449,0.895,0,0
444.4844601154,0.894,0,0
444.9844999313,0.893,0,0
445.4844799042,0.892,0,0
445.9844799042,0.891,0,0
446.4844799042,0.891,0,0
446.9845099449,0.89,0,0
447.4845099449,0.889,0,0
447.9845099449,0.888,0,0
448.4844799042,0.888,0,0
448.9845099449,0.886,0,0
449.4845099449,0.886,0,0
449.9845099449,0.885,0,0
450.4845199585,0.884,0,0
450.9845099449,0.883,0,0
451.4844999313,0.882,0,0
451.9844601154,0.881,0,0
452.4844999313,0.881,0,0
452.9844799042,0.88,0,0
453.4845099449,0.879,0,0
453.9845099449,0.878,0,0
454.4845099449,0.877,0,0
454.9844799042,0.876,0,0
455.4845099449,0.875,0,0
455.9844799042,0.875,0,0
456.4844501019,0.873,0,0
456.9845199585,0.872,0,0
457.4844601154,0.872,0,0
457.9845099449,0.871,0,0
458.4845099449,0.87,0,0
458.9845099449,0.869,0,0
459.4845199585,0.868,0,0
459.9845199585,0.867,0,0
460.4845099449,0.867,0,0
460.9844799042,0.866,0,0
461.4845099449,0.866,0,0
461.9845099449,0.864,0,0
462.4844100475,0.864,0.001,0
462.9845099449,0.863,0,0
463.4844799042,0.862,0.001,0
463.9845099449,0.862,0,0
464.4845199585,0.861,0,0
464.9845099449,0.86,0,0
465.4845099449,0.86,0,0
465.9844799042,0.858,0,0
466.4845099449,0.858,0,0
466.9844799042,0.857,9.959,0
467.4845199585,0.857,9.974,0
467.9844899178,0.856,9.975,0
468.4844799042,0.855,9.975,1447
468.9844799042,0.854,9.975,1496
469.4845099449,0.853,9.975,1495
469.9845099449,0.853,9.976,1495
470.4845399857,0.852,9.976,1495
470.9845099449,0.852,9.976,1494
471.4844799042,0.852,9.976,1494
471.9845199585,0.851,9.976,1494
472.4844799042,0.851,9.977,1493
472.9844799042,0.851,9.977,1493
473.4844601154,0.851,9.977,1493
473.9844799042,0.851,9.977,1493
474.4844501019,0.851,9.977,1492
474.9845099449,0.851,9.976,1492
475.4845099449,0.851,0,1492
475.9844799042,0.851,0,1491
476.4845199585,0.851,0,1491
476.9845099449,0.851,0,0
477.4845099449,0.851,0,0
477.9845099449,0.851,0,0
478.4845099449,0.85,0,0
478.9845099449,0.851,0,0
479.4845099449,0.851,0,0
479.9845099449,0.851,0,0
480.4845099449,0.851,0,0
480.9844799042,0.851,0,-1
481.4844799042,0.85,0,0
481.9844799042,0.85,0,0
482.4845099449,0.85,0,0
482.9844799042,0.85,0,0
483.484400034,0.849,0,0
483.9844799042,0.849,0,0
484.4844799042,0.849,0,0
484.9844698906,0.849,0,0
485.4845199585,0.848,0,0
485.9845099449,0.847,0,0
486.4844698906,0.847,0,0
486.9845099449,0.847,0,0
487.4845099449,0.846,0,0
487.9845099449,0.846,0,0
488.4845099449,0.845,0,0
488.9845099449,0.845,0,0
489.4845099449,0.844,0,0
489.9844799042,0.844,0,0
490.4845199585,0.844,0,0
490.9844999313,0.843,0,0
491.4845099449,0.842,0,0
491.9844999313,0.842,0.001,0
492.4844601154,0.841,0,0
492.9845099449,0.84,0,0
493.4844601154,0.84,0,0
493.9845299721,0.84,0,0
494.4845099449,0.839,0,0
494.9844799042,0.839,0,0
495.4844999313,0.838,0,0
495.9845199585,0.837,0,0
496.4845099449,0.837,0,0
496.9845099449,0.837,0,0
497.4844799042,0.836,0,0
497.9845299721,0.835,0,0
498.4844999313,0.835,0,0
498.9844799042,0.834,0,0
499.4844999313,0.833,0,0
499.9844799042,0.833,0,0
500.4844200611,0.833,0,0
500.9844799042,0.832,0,0
501.4845199585,0.831,0,0
501.9845199585,0.831,0,0
502.4845099449,0.83,0,0
502.9845099449,0.83,0,0
503.4845099449,0.829,0,0
503.9845199585,0.828,0,0
504.4844899178,0.828,0,0
504.9844799042,0.827,0,0
505.4845099449,0.827,0,0
505.9844999313,0.826,0,0
506.4844899178,0.825,0.001,0
506.9844999313,0.825,0,0
507.4845099449,0.825,0,0
507.9844999313,0.825,0,0
508.4844799042,0.825,0,0
508.9844999313,0.822,0,0
509.4845099449,0.821,0,0
509.9845099449,0.821,0,0
510.4844300747,0.82,0,0
510.9845099449,0.82,0,0
511.4845099449,0.819,0,0
511.9845099449,0.818,0,0
512.4845099449,0.818,0,0
512.9845099449,0.817,0,0
513.4845099449,0.817,0,0
513.9845099449,0.816,0,0
514.4845199585,0.815,0,0
514.9845099449,0.815,0,0
515.4845099449,0.813,0,0
515.9844300747,0.813,0,0
516.4844200611,0.813,0,0
516.9845099449,0.811,0,0
517.4845099449,0.811,0,0
517.9845199585,0.811,0,0
518.4844799042,0.81,0,0
518.9844799042,0.809,0,0
519.4844601154,0.809,0,0
519.9844999313,0.809,0,0
520.4844799042,0.808,0,0
520.9845099449,0.807,0,0
521.4844698906,0.807,0,0
521.9844799042,0.806,0,0
522.4844698906,0.806,0,0
522.9845600128,0.805,0,0
523.4845199585,0.804,0,0
523.9845199585,0.804,0.001,0
524.4845099449,0.803,5.825,0
524.9845099449,0.803,10,0
525.4844899178,0.802,10,0
525.9845199585,0.802,10.007,763
526.4844999313,0.801,10.007,1269
526.9845099449,0.801,10.007,1269
527.4845099449,0.8,10.008,1269
527.9844799042,0.8,10.007,1268
528.4844100475,0.8,10.007,1268
528.9844799042,0.799,10.007,1268
529.4845099449,0.799,10.007,1268
529.9845099449,0.799,10.008,1268
530.4845099449,0.799,10.008,1267
530.9844799042,0.799,10.009,1267
531.4845099449,0.799,10.009,1267
531.9845199585,0.799,10.009,1266
532.4845099449,0.799,10.015,1266
532.9844999313,0.799,10.018,1266
533.4845099449,0.799,10.024,1266
533.9844799042,0.799,10.024,1266
534.4844601154,0.799,10.046,1232
534.9844799042,0.799,10.051,1217
535.4845199585,0.799,10.053,1176
535.9845199585,0.799,10.057,1147
536.4845099449,0.799,10.057,1124
536.9845099449,0.799,10.057,1123
537.4845099449,0.8,10.058,1108
537.9844799042,0.799,10.058,1108
538.4845299721,0.8,10.058,1108
538.9844799042,0.8,10.058,1108
539.4845099449,0.8,10.058,1106
539.9845199585,0.8,10.058,1105
540.4844698906,0.8,10.058,1105
540.9845099449,0.801,10.058,1106
541.4845199585,0.8,10.058,1105
541.9845199585,0.801,10.058,1105
542.4845299721,0.801,10.058,1105
542.9844799042,0.801,10.058,1104
543.4845099449,0.801,10.058,1104
543.9845099449,0.801,10.058,1105
544.4845099449,0.801,10.058,1104
544.9845099449,0.801,10.058,1104
545.4844799042,0.802,10.058,1104
545.9845099449,0.802,10.059,1104
546.4845099449,0.802,10.058,1104
546.9845099449,0.802,10.058,1103
547.4844601154,0.802,10.059,1103
547.9845099449,0.803,10.058,1104
548.4844799042,0.803,10.058,1103
548.9845099449,0.804,10.058,1103
549.4845099449,0.804,10.058,1103
549.9844799042,0.804,10.059,1103
550.4844799042,0.804,10.058,1103
550.9845099449,0.804,10.059,1103
551.4845099449,0.805,10.058,1103
551.9845099449,0.806,10.058,1103
552.4845099449,0.806,10.059,1103
552.9845099449,0.806,10.058,1103
553.4844698906,0.807,10.059,1103
553.9844899178,0.807,10.059,1103
554.4844799042,0.808,10.059,1103
554.9844799042,0.808,10.058,1103
555.4845099449,0.808,10.059,1103
555.9844799042,0.808,10.059,1103
556.4844999313,0.809,10.058,1103
556.9845199585,0.81,10.059,1103
557.4844799042,0.81,10.059,1103
557.9845199585,0.811,10.059,1103
558.4845099449,0.811,10.059,1103
558.9845199585,0.811,10.059,1103
559.4845099449,0.812,10.059,1103
559.9844799042,0.812,10.059,1103
560.4844799042,0.813,10.059,1103
560.9844799042,0.813,10.059,1103
561.4844799042,0.814,10.059,1103
561.9845199585,0.814,10.059,1103
562.4844799042,0.814,10.059,1102
562.9844200611,0.815,10.059,1103
563.4844899178,0.815,10.059,1103
563.9845199585,0.816,10.059,1103
564.4844501019,0.816,10.059,1102
564.9844799042,0.816,10.059,1103
565.4845099449,0.817,10.06,1102
565.9844501019,0.817,10.06,1102
566.4844899178,0.818,10.06,1102
566.9844799042,0.818,10.06,1102
567.4845199585,0.819,10.06,1102
567.9845099449,0.819,10.059,1102
568.4845199585,0.82,10.058,1102
568.9845099449,0.82,10.058,1102
569.4845099449,0.821,10.056,1104
569.9845299721,0.821,10.05,1105
570.4844799042,0.821,10.05,1106
570.9845099449,0.821,10.049,1106
571.4844799042,0.822,10.047,1135
571.9844799042,0.822,10.047,1135
572.4845099449,0.823,10.047,1137
572.9845099449,0.823,10.045,1141
573.4845199585,0.824,10.045,1142
573.9845199585,0.824,10.044,1144
574.4844799042,0.824,10.039,1148
574.9844999313,0.825,10.035,1148
575.4845199585,0.825,10.035,1149
575.9845099449,0.826,10.034,1169
576.4845099449,0.826,10.034,1178
576.9845099449,0.826,10.032,1182
577.4844799042,0.826,10.031,1183
577.9845099449,0.827,10.03,1184
578.4845199585,0.828,10.029,1184
578.9844400883,0.828,10.028,1194
579.4844799042,0.828,10.028,1198
579.984400034,0.828,10.029,1199
580.4845099449,0.829,10.028,1203
580.9845099449,0.83,10.028,1203
581.4845099449,0.83,10.028,1203
581.9844799042,0.831,10.028,1203
582.4844799042,0.831,10.028,1203
582.9845099449,0.832,10.028,1203
583.4845199585,0.832,10.028,1203
583.9844999313,0.832,10.028,1203
584.4844601154,0.833,10.028,1203
584.9844799042,0.834,10.028,1203
585.4844899178,0.834,10.028,1202
585.9844799042,0.834,10.029,1202
586.4845099449,0.835,10.029,1202
586.9844799042,0.835,10.028,1202
587.4845099449,0.836,10.028,1202
587.9845099449,0.836,10.028,1202
588.4844799042,0.837,10.029,1201
588.9845199585,0.837,10.028,1202
589.4844999313,0.838,10.029,1202
589.9844799042,0.838,10.029,1202
590.4845099449,0.839,10.029,1202
590.9845099449,0.839,10.029,1201
591.4845099449,0.839,10.029,1201
591.9844999313,0.84,10.029,1201
592.4844999313,0.84,10.028,1202
592.9844999313,0.841,10.029,1201
593.4845099449,0.841,10.029,1201
593.9844799042,0.841,10.028,1201
594.4844799042,0.842,10.029,1201
594.9844799042,0.842,10.029,1201
595.4844999313,0.843,10.029,1201
595.9844300747,0.843,10.029,1201
596.4844799042,0.844,10.029,1201
596.9845099449,0.844,10.029,1201
597.4845099449,0.844,10.029,1201
597.9844799042,0.845,10.029,1201
598.4844799042,0.845,10.029,1201
598.9844799042,0.846,10.029,1201
599.4844601154,0.846,10.029,1201
599.9844799042,0.846,10.029,1201
600.4844698906,0.847,10.029,1201
600.9844799042,0.848,10.029,1201
601.4845099449,0.847,10.029,1201
601.9844899178,0.848,10.028,1201
602.4844899178,0.848,10.029,1201
602.9845099449,0.849,10.029,1200
603.4844999313,0.85,10.029,1201
603.9844501019,0.85,10.029,1200
604.4845099449,0.85,10.029,1201
604.9844799042,0.851,10.029,1201
605.4845099449,0.851,10.028,1201
605.9845099449,0.852,10.029,1201
606.4844300747,0.852,10.029,1201
606.9845199585,0.852,10.029,1200
607.4844799042,0.853,10.029,1200
607.9844799042,0.853,10.029,1201
608.4844601154,0.853,10.029,1200
608.9844799042,0.854,10.029,1200
609.4845099449,0.854,10.029,1201
609.9844799042,0.854,10.029,1200
610.4844799042,0.856,10.029,1200
610.9845099449,0.855,10.029,1200
611.4844799042,0.856,10.029,1200
611.9844799042,0.856,10.029,1200
612.4844300747,0.856,10.029,1200
612.9845099449,0.856,10.029,1200
613.4844799042,0.857,10.029,1200
613.9844999313,0.858,10.029,1200
614.4845099449,0.858,10.029,1200
614.9845099449,0.858,10.029,1200
615.4844799042,0.859,10.029,1200
615.9845099449,0.859,10.029,1200
616.4844698906,0.859,10.029,1200
616.9844799042,0.86,10.029,1200
617.4845099449,0.86,10.029,1200
617.9844999313,0.861,10.029,1200
618.4844799042,0.861,10.029,1200
618.9844999313,0.861,10.029,1200
619.4844799042,0.862,10.029,1200
619.9844799042,0.862,10.029,1200
620.4844799042,0.862,10.029,1200
620.9845099449,0.863,10.029,1200
621.4844799042,0.863,10.029,1200
621.9844799042,0.864,10.029,1200
622.4844799042,0.864,10.029,1200
622.9845099449,0.865,10.029,1200
623.4845099449,0.865,10.029,1200
623.9844799042,0.866,10.029,1200
624.4845099449,0.866,10.029,1200
624.9844799042,0.866,10.029,1200
625.4845099449,0.866,10.029,1200
625.9845099449,0.866,10.029,1200
626.4844799042,0.866,10.03,1200
626.9844899178,0.866,10.029,1200
627.4845099449,0.868,10.03,1199
627.9844899178,0.868,10.029,1200
628.4844999313,0.869,10.029,1199
628.9844999313,0.869,10.029,1199
629.4845199585,0.87,10.03,1200
629.9845099449,0.871,10.029,1199
630.4844799042,0.871,10.03,1199
630.9844999313,0.871,10.03,1199
631.4845099449,0.871,10.029,1199
631.9844799042,0.872,10.03,1199
632.4844999313,0.872,10.029,1199
632.9844799042,0.873,10.029,1199
633.4844799042,0.873,10.029,1199
633.9844999313,0.873,10.03,1199
634.4844999313,0.874,10.03,1199
634.9844899178,0.874,10.03,1199
635.4844999313,0.875,10.029,1199
635.9844999313,0.875,10.03,1199
636.4844501019,0.875,10.029,1199
636.9845099449,0.876,10.029,1199
637.4845099449,0.876,10.03,1199
637.9845099449,0.877,10.03,1199
638.4844601154,0.877,10.029,1199
638.9845099449,0.877,10.03,1199
639.4844999313,0.877,10.029,1199
639.9845099449,0.879,10.03,1199
640.4844799042,0.879,10.03,1199
640.9844799042,0.879,10.03,1199
641.4844799042,0.879,10.029,1199
641.9844799042,0.88,10.029,1199
642.4844100475,0.88,10.03,1199
642.9845099449,0.88,10.03,1199
643.4844799042,0.881,10.03,1199
643.9844799042,0.881,10.029,1199
644.4844799042,0.882,10.03,1199
644.9845099449,0.882,10.029,1199
645.4845099449,0.883,10.029,1199
645.9845099449,0.883,10.029,1199
646.4845199585,0.884,10.029,1199
646.9844799042,0.884,10.029,1199
647.4845099449,0.885,10.029,1199
647.9845099449,0.885,10.029,1199
648.4845099449,0.885,10.03,1199
648.9844899178,0.886,10.03,1199
649.4844799042,0.886,10.029,1199
649.9844999313,0.887,10.029,1199
650.4844799042,0.887,10.029,1199
650.9845099449,0.887,10.03,1198
651.4844799042,0.888,10.029,1199
651.9844799042,0.888,10.03,1199
652.4844799042,0.889,10.03,1198
652.9845099449,0.889,10.029,1199
653.4845099449,0.889,10.03,1199
653.9844999313,0.89,10.03,1198
654.4845099449,0.89,10.03,1198
654.9844999313,0.891,10.029,1199
655.4844799042,0.891,10.03,1198
655.9844799042,0.892,10.03,1198
656.4844799042,0.892,10.03,1199
656.9845299721,0.893,10.03,1199
657.4845099449,0.893,10.03,1199
657.9845099449,0.893,10.03,1198
658.4844300747,0.894,10.03,1199
658.9844799042,0.895,10.03,1199
659.4860799313,0.895,10.03,1198
659.9844799042,0.895,10.03,1198
660.4844799042,0.896,10.03,1199
660.9845099449,0.896,10.03,1198
661.4845099449,0.897,10.03,1198
661.9844899178,0.897,10.03,1198
662.4845099449,0.897,10.03,1199
662.9845099449,0.898,10.03,1198
663.4845099449,0.898,10.03,1199
663.9844799042,0.898,10.03,1199
664.4844200611,0.899,10.03,1199
664.9844999313,0.899,10.03,1199
665.4845099449,0.9,10.03,1198
665.9845099449,0.9,10.03,1198
666.4844501019,0.901,10.03,1198
666.9844799042,0.901,10.03,1199
667.4845099449,0.901,10.03,1198
667.9845199585,0.902,10.03,1198
668.4844601154,0.902,10.03,1199
668.9845099449,0.903,10.03,1198
669.4845099449,0.903,10.029,1198
669.9845099449,0.904,10.03,1198
670.4845199585,0.904,10.03,1198
670.9844899178,0.904,10.03,1198
671.4845199585,0.904,10.03,1199
671.9844799042,0.905,10.03,1198
672.4844400883,0.906,10.029,1199
672.9845199585,0.906,10.03,1199
673.4845099449,0.906,10.03,1198
673.9845099449,0.907,10.03,1199
674.4845099449,0.906,10.03,1198
674.9845099449,0.907,10.03,1199
675.4844100475,0.907,10.03,1198
675.9845099449,0.907,10.03,1199
676.4845399857,0.908,10.03,1198
676.9845099449,0.908,10.03,1199
677.4844601154,0.909,10.03,1199
677.9844799042,0.909,10.03,1198
678.4844899178,0.909,10.03,1199
678.9845099449,0.909,10.03,1198
679.4845199585,0.91,10.03,1199
679.9845099449,0.91,10.03,1199
680.4844899178,0.911,10.03,1199
680.9845199585,0.911,10.03,1198
681.4844799042,0.911,10.03,1198
681.9844799042,0.912,10.03,1199
682.4845099449,0.912,10.03,1198
682.9845299721,0.912,10.03,1198
683.4845099449,0.913,10.03,1199
683.9844799042,0.913,10.03,1199
684.4844501019,0.914,10.03,1199
684.9845199585,0.914,10.03,1199
685.4845099449,0.914,10.03,1199
685.9845199585,0.915,10.03,1199
686.4845199585,0.915,10.03,1199
686.9844799042,0.916,10.03,1199
687.4845099449,0.916,10.03,1199
687.9845099449,0.917,10.03,1199
688.4845099449,0.917,10.03,1199
688.9844799042,0.917,10.03,1199
689.4845099449,0.918,10.03,1199
689.9844799042,0.919,10.03,1198
690.4845099449,0.919,10.03,1198
690.9845199585,0.919,10.03,1198
691.4845099449,0.919,10.03,1198
691.9845099449,0.919,10.03,1198
692.4845099449,0.92,10.03,1199
692.9845099449,0.921,10.03,1198
693.4845199585,0.921,10.03,1198
693.9844799042,0.921,10.03,1198
694.4844799042,0.922,10.03,1198
694.9844899178,0.923,10.03,1198
695.4845199585,0.923,10.03,1198
695.9844799042,0.923,10.03,1198
696.4844300747,0.923,10.03,1198
696.9844999313,0.924,10.03,1198
697.4845099449,0.924,10.031,1198
697.9845099449,0.925,10.03,1198
698.4844601154,0.925,10.03,1199
698.9845099449,0.926,10.03,1199
699.4845199585,0.926,10.03,1198
699.9845099449,0.926,10.031,1198
700.4844799042,0.927,10.03,1198
700.9844799042,0.927,10.03,1198
701.4845099449,0.927,10.03,1198
701.9844698906,0.928,10.03,1198
702.4845199585,0.929,10.03,1198
702.9845099449,0.929,10.03,1198
703.4845099449,0.928,10.03,1198
703.9845199585,0.929,10.03,1198
704.4845199585,0.929,10.03,1198
704.9845099449,0.93,10.03,1198
705.4844899178,0.93,10.03,1198
705.9845099449,0.93,10.03,1198
706.4844899178,0.931,10.03,1198
706.9844799042,0.931,10.03,1198
707.4844899178,0.931,10.03,1198
707.9845199585,0.932,10.03,1198
708.4844698906,0.932,10.03,1199
708.9845199585,0.933,10.03,1198
709.4844799042,0.933,10.03,1199
709.9844799042,0.933,10.03,1198
710.4845199585,0.933,10.03,1199
710.9845099449,0.934,10.03,1199
711.4845099449,0.934,10.03,1198
711.9844999313,0.935,10.031,1198
712.4844999313,0.935,10.03,1199
712.9844799042,0.935,10.031,1199
713.4845099449,0.935,10.03,1199
713.9845099449,0.936,10.03,1199
714.4844501019,0.936,10.03,1199
714.9844799042,0.936,10.03,1198
715.4845099449,0.937,10.03,1199
715.9845099449,0.937,10.03,1199
716.4845099449,0.938,10.03,1199
716.9845099449,0.938,10.03,1199
717.4845099449,0.938,10.03,1199
717.9845299721,0.939,10.03,1199
718.4845099449,0.939,10.03,1199
718.9845099449,0.939,10.031,1199
719.4845099449,0.939,10.03,1199
719.9844698906,0.94,10.03,1199
720.4844400883,0.94,10.03,1199
720.9845099449,0.94,10.03,1199
721.4845099449,0.941,10.03,1199
721.9844200611,0.941,10.03,1199
722.4844899178,0.941,10.03,1199
722.9845099449,0.942,10.03,1199
723.4844799042,0.942,10.03,1199
723.9845099449,0.942,10.031,1199
724.4845099449,0.943,10.031,1199
724.9844799042,0.943,10.03,1199
725.4845099449,0.943,10.03,1199
725.9845199585,0.943,10.03,1199
726.4844698906,0.943,10.031,1199
726.9844799042,0.944,10.03,1199
727.4844899178,0.944,10.03,1199
727.9845099449,0.944,10.03,1199
728.4844698906,0.945,10.03,1199
728.9845099449,0.945,10.03,1199
729.4845099449,0.945,10.03,1199
729.9844799042,0.946,10.03,1199
730.4845099449,0.946,10.03,1199
730.9845099449,0.946,10.03,1199
731.4845099449,0.947,10.03,1199
731.9845099449,0.947,10.03,1199
732.4844400883,0.947,10.03,1199
732.9845099449,0.948,10.03,1199
733.4845199585,0.949,10.03,1199
733.9845099449,0.948,10.03,1199
734.4844899178,0.948,10.03,1199
734.9845099449,0.949,10.031,1199
735.4845099449,0.949,10.03,1199
735.9844799042,0.95,10.03,1199
736.4844999313,0.95,10.03,1199
736.9845099449,0.95,10.03,1199
737.4845099449,0.951,10.03,1199
737.9844200611,0.951,10.03,1199
738.4844799042,0.951,10.03,1199
738.9844799042,0.952,10.03,1199
739.4844799042,0.952,10.03,1199
739.9845099449,0.952,10.03,1199
740.4844999313,0.953,10.03,1199
740.9845099449,0.953,10.03,1199
741.4845099449,0.953,10.03,1199
741.9845099449,0.954,10.03,1199
742.4845199585,0.954,10.031,1199
742.9845099449,0.954,10.03,1199
743.4844799042,0.954,10.031,1199
743.9845099449,0.954,10.03,1199
744.4844501019,0.954,10.03,1199
744.9845099449,0.954,10.03,1199
745.4845099449,0.956,10.03,1199
745.9845099449,0.956,10.031,1199
746.4844799042,0.957,10.031,1199
746.9845099449,0.957,10.03,1199
747.4845099449,0.957,10.03,1199
747.9845099449,0.957,10.031,1199
748.4845099449,0.958,10.03,1198
748.9845099449,0.959,10.03,1199
749.4845099449,0.959,10.031,1199
749.9845099449,0.959,10.03,1199
750.4844799042,0.96,10.03,1199
750.9844999313,0.959,10.031,1199
751.4845199585,0.96,10.03,1199
751.9845099449,0.96,10.03,1199
752.4844799042,0.961,10.03,1199
752.9845199585,0.961,10.03,1199
753.4845099449,0.961,10.03,1199
753.9844799042,0.961,10.03,1199
754.4844799042,0.962,10.031,1199
754.9844200611,0.962,10.03,1199
755.4844799042,0.962,10.03,1199
755.9844799042,0.963,10.031,1199
756.4844799042,0.963,10.03,1199
756.9845299721,0.963,10.03,1199
757.4844501019,0.964,10.03,1199
757.9845199585,0.964,10.03,1199
758.4844799042,0.964,10.03,1199
758.9845099449,0.965,10.03,1199
759.4844601154,0.965,10.031,1199
759.9844799042,0.966,10.03,1199
760.4845099449,0.966,10.03,1199
760.9844799042,0.966,10.03,1199
761.4844698906,0.967,10.03,1199
761.9844999313,0.967,10.03,1199
762.4844698906,0.968,10.031,1199
762.9844799042,0.968,10.031,1198
763.4845099449,0.968,10.031,1199
763.9844799042,0.969,10.03,1199
764.4845099449,0.969,10.03,1199
764.9844799042,0.97,10.03,1199
765.4844799042,0.97,10.03,1199
765.9845099449,0.97,10.03,1198
766.4845099449,0.971,10.03,1198
766.9844799042,0.971,10.031,1199
767.4844799042,0.972,10.03,1199
767.9845099449,0.972,10.03,1199
768.4844400883,0.972,10.031,1198
768.9844799042,0.972,10.031,1198
769.4845199585,0.973,10.03,1198
769.9845099449,0.973,10.031,1198
770.4844601154,0.974,10.03,1199
770.9844899178,0.974,10.031,1198
771.4844799042,0.975,10.03,1199
771.9845099449,0.976,10.031,1199
772.4844999313,0.976,10.031,1199
772.9844899178,0.976,10.03,1199
773.4845099449,0.976,10.031,1199
773.9844799042,0.977,10.03,1199
774.4844300747,0.976,10.03,1199
774.9844999313,0.977,10.03,1199
775.4845099449,0.977,10.03,1198
775.9845099449,0.978,10.031,1198
776.4844799042,0.978,10.031,1198
776.9845099449,0.978,10.03,1199
777.4845099449,0.978,10.03,1198
777.9845099449,0.98,10.031,1199
778.4845099449,0.979,10.031,1199
778.9844799042,0.98,10.03,1199
779.4844899178,0.979,10.03,1199
779.9845199585,0.981,10.031,1199
780.4844501019,0.98,10.031,1199
780.9844799042,0.981,10.03,1199
781.4845099449,0.982,10.03,1198
781.9845099449,0.981,10.03,1199
782.4844799042,0.982,10.03,1199
782.9845199585,0.982,10.03,1198
783.4845099449,0.982,10.03,1199
783.9845099449,0.982,10.03,1199
784.4844601154,0.983,10.03,1199
784.9845099449,0.983,10.03,1199
785.4844799042,0.983,10.03,1199
785.9845099449,0.983,10.03,1199
786.4844400883,0.984,10.03,1199
786.9844899178,0.984,10.03,1199
787.4845099449,0.984,10.03,1199
787.9845099449,0.984,10.031,1199
788.4844698906,0.984,10.031,1199
788.9845099449,0.985,10.031,1199
789.4845099449,0.984,10.03,1199
789.9845099449,0.985,10.03,1198
790.4844899178,0.985,10.03,1199
790.9844899178,0.985,10.03,1198
791.4845199585,0.986,10.03,1199
791.9845099449,0.986,10.03,1199
792.4844501019,0.986,10.03,1199
792.9845099449,0.986,10.03,1199
793.4844698906,0.987,10.031,1199
793.9844999313,0.987,10.031,1198
794.4845099449,0.987,10.031,1199
794.9845099449,0.987,10.03,1199
795.4845199585,0.987,10.03,1199
795.9845099449,0.988,10.031,1199
796.4845099449,0.988,10.03,1198
796.9845199585,0.988,10.031,1199
797.4845099449,0.989,10.031,1199
797.9845199585,0.989,10.03,1199
798.4844799042,0.989,10.03,1199
798.9844799042,0.99,10.03,1199
799.4845099449,0.99,10.03,1199
799.9845199585,0.99,10.03,1199
800.4844799042,0.991,10.031,1199
800.9845099449,0.991,10.031,1199
801.4844100475,0.992,10.03,1199
801.9844999313,0.992,10.03,1199
802.4845099449,0.992,10.03,1199
802.9844999313,0.992,10.03,1199
803.4845099449,0.992,10.03,1199
803.9844999313,0.993,10.03,1199
804.4844601154,0.993,10.03,1199
804.9845099449,0.994,10.03,1200
805.4845099449,0.993,10.03,1199
805.9844899178,0.994,10.03,1199
806.4844799042,0.994,10.03,1199
806.9844799042,0.995,10.03,1199
807.4844799042,0.995,10.03,1200
807.9844799042,0.995,10.03,1199
808.4844601154,0.995,10.03,1199
808.9845199585,0.995,10.03,1199
809.4844601154,0.995,10.031,1199
809.9844999313,0.996,10.03,1199
810.4844799042,0.996,10.03,1199
810.9845099449,0.996,10.03,1199
811.4845099449,0.997,10.031,1199
811.9844698906,0.997,10.03,1199
812.4844799042,0.997,10.03,1199
812.9845099449,0.997,10.03,1199
813.4844799042,0.998,10.031,1199
813.9844799042,0.998,10.031,1199
814.4845099449,0.998,10.03,1199
814.9844999313,0.998,10.031,1199
815.4845099449,0.999,10.031,1199
815.9844501019,0.999,10.03,1199
816.4844400883,0.999,10.031,1199
816.9845199585,1,10.03,1199
817.4844300747,1,10.031,1199
817.9845099449,1,10.03,1199
818.4844698906,1,10.031,1199
818.9844799042,1.001,10.03,1199
819.4844698906,1.001,10.03,1199
819.9845099449,1.001,10.031,1199
820.4844799042,1.002,10.03,1199
820.9844799042,1.002,10.03,1199
821.4845099449,1.002,10.03,1199
821.9845299721,1.003,10.031,1199
822.4844400883,1.003,10.03,1199
822.9844999313,1.002,10.03,1199
823.4844999313,1.003,10.031,1199
823.9844799042,1.003,10.03,1199
824.4845099449,1.003,10.031,1199
824.9844799042,1.004,10.031,1199
825.4844999313,1.004,10.031,1199
825.9845099449,1.004,10.031,1199
826.4845199585,1.004,10.031,1199
826.9844698906,1.004,10.03,1199
827.4844799042,1.004,10.031,1199
827.9844799042,1.005,10.03,1199
828.4844698906,1.005,10.031,1199
828.9845099449,1.005,10.03,1199
829.4845099449,1.005,10.03,1199
829.9845399857,1.006,10.03,1199
830.4844899178,1.006,10.031,1199
830.9845099449,1.006,10.031,1199
831.4845099449,1.006,10.031,1199
831.9844799042,1.006,10.031,1199
832.4844799042,1.007,10.03,1199
832.9844799042,1.007,10.03,1199
833.4845099449,1.008,10.03,1199
833.9844799042,1.008,10.03,1199
834.4851601124,1.008,10.031,1199
834.9845099449,1.008,10.031,1199
835.4844799042,1.008,10.031,1199
835.9845099449,1.008,10.031,1199
836.4845099449,1.009,10.03,1199
836.9844999313,1.009,10.03,1199
837.4845099449,1.01,10.031,1199
837.9845099449,1.009,10.03,1199
838.4844601154,1.01,10.031,1199
838.9845099449,1.01,10.03,1199
839.4845099449,1.01,10.03,1199
839.9844799042,1.01,10.03,1199
840.4844799042,1.01,10.03,1199
840.9844799042,1.011,10.031,1199
841.4844999313,1.011,10.031,1199
841.9845099449,1.011,10.03,1199
842.4845099449,1.011,10.031,1198
842.9845099449,1.011,10.031,1198
843.4845199585,1.012,10.031,1199
843.9845099449,1.012,10.03,1199
844.4844999313,1.012,10.03,1198
844.9845099449,1.012,10.031,1198
845.4845099449,1.012,10.03,1199
845.9845099449,1.012,10.03,1199
846.4844799042,1.013,10.031,1198
846.9845199585,1.013,10.03,1198
847.4844698906,1.013,10.03,1198
847.9845099449,1.013,10.03,1199
848.4844698906,1.014,10.031,1199
848.9845099449,1.014,10.03,1199
849.4845099449,1.014,10.03,1199
849.9845099449,1.014,10.03,1199
850.4844899178,1.014,10.03,1199
850.9845099449,1.014,10.031,1199
851.4845099449,1.015,10.03,1199
851.9845099449,1.015,10.03,1199
852.4844601154,1.015,10.031,1198
852.9844899178,1.015,10.031,1199
853.4844698906,1.016,10.03,1198
853.9845099449,1.016,10.03,1198
854.4845199585,1.017,10.03,1199
854.9844799042,1.016,10.03,1198
855.4844799042,1.017,10.031,1198
855.9845099449,1.018,10.031,1199
856.4845099449,1.018,10.031,1198
856.9845099449,1.018,10.031,1198
857.4845199585,1.018,10.031,1198
857.9845099449,1.018,10.031,1198
858.4844698906,1.019,10.031,1198
858.9844999313,1.02,10.031,1198
859.4845099449,1.02,10.031,1198
859.9845099449,1.02,10.03,1198
860.4845099449,1.02,10.031,1199
860.9845099449,1.02,10.031,1199
861.4844799042,1.021,10.031,1198
861.9845099449,1.021,10.031,1198
862.4844799042,1.021,10.031,1198
862.9844799042,1.021,10.03,1199
863.4845099449,1.022,10.031,1198
863.9845199585,1.022,10.031,1198
864.4844799042,1.023,10.031,1198
864.9844799042,1.023,10.031,1198
865.4844799042,1.023,10.03,1198
865.9844799042,1.023,10.03,1198
866.4844799042,1.024,10.031,1198
866.9845099449,1.024,10.031,1198
867.4845099449,1.024,10.031,1198
867.9845099449,1.025,10.031,1198
868.4845099449,1.025,10.03,1198
868.9845099449,1.025,10.031,1198
869.4844799042,1.026,10.031,1199
869.9844999313,1.025,10.031,1198
870.4844501019,1.026,10.031,1198
870.9845099449,1.026,10.031,1198
871.4845099449,1.026,10.031,1198
871.9845099449,1.026,10.031,1198
872.4844799042,1.026,10.031,1198
872.9844799042,1.026,10.031,1198
873.4845099449,1.026,10.031,1198
873.9845099449,1.027,10.031,1198
874.4844799042,1.027,10.031,1198
874.9844799042,1.027,10.031,1198
875.4844799042,1.028,10.031,1198
875.9845199585,1.028,10.031,1199
876.4844501019,1.028,10.031,1198
876.9844899178,1.028,10.031,1198
877.4845199585,1.028,10.031,1198
877.9845099449,1.028,10.031,1198
878.4844899178,1.028,10.031,1198
878.9845299721,1.029,10.031,1198
879.4845099449,1.029,10.031,1197
879.9845099449,1.029,10.031,1198
880.4844999313,1.029,10.031,1198
880.9844200611,1.029,10.031,1198
881.4844501019,1.03,10.031,1198
881.9845099449,1.03,10.031,1198
882.4844799042,1.03,10.03,1197
882.9844899178,1.03,10.03,1197
883.4845099449,1.031,10.03,1198
883.9845099449,1.031,10.03,1197
884.4844799042,1.032,10.03,1197
884.9845099449,1.032,10.031,1198
885.4844799042,1.032,10.031,1198
885.9845099449,1.032,10.031,1197
886.4844698906,1.033,10.031,1197
886.9845099449,1.033,10.031,1198
887.4845099449,1.033,10.031,1198
887.9845199585,1.033,10.031,1198
888.4844698906,1.034,10.031,1198
888.9845099449,1.034,10.031,1197
889.4845099449,1.034,10.03,1198
889.9845099449,1.035,10.031,1197
890.4845099449,1.035,10.031,1197
890.9844799042,1.034,10.031,1198
891.4845199585,1.035,10.031,1198
891.9845099449,1.035,10.031,1198
892.4844799042,1.035,10.031,1197
892.9845099449,1.036,10.031,1197
893.4844799042,1.036,10.031,1198
893.9845099449,1.036,10.031,1197
894.4844698906,1.037,10.031,1197
894.9844799042,1.037,10.031,1198
895.4845099449,1.037,10.031,1198
895.9845099449,1.037,10.031,1197
896.4845099449,1.038,10.031,1198
896.9844300747,1.038,10.03,1198
897.4844999313,1.038,10.031,1197
897.9844999313,1.038,10.031,1198
898.4844799042,1.038,10.031,1198
898.9844799042,1.039,10.031,1197
899.4844799042,1.038,10.031,1198
899.9844899178,1.039,10.031,1197
900.4844501019,1.039,10.031,1197
900.9844999313,1.039,10.031,1198
901.4845099449,1.04,10.031,1197
901.9845099449,1.04,10.031,1197
902.4845099449,1.039,10.031,1197
902.9844799042,1.039,10.031,1197
903.4845099449,1.04,10.031,1197
903.9845099449,1.04,10.031,1198
904.4844999313,1.041,10.031,1198
904.9845099449,1.04,10.031,1198
905.4844799042,1.04,10.031,1198
905.9844799042,1.04,10.031,1198
906.4844698906,1.041,10.031,1198
906.9845099449,1.041,10.03,1198
907.4844799042,1.041,10.031,1198
907.9845199585,1.041,10.031,1198
908.4844501019,1.041,10.031,1198
908.9845099449,1.041,10.031,1197
909.4844999313,1.042,10.031,1198
909.9845099449,1.042,10.031,1198
910.4845099449,1.042,10.031,1198
910.9844100475,1.042,10.031,1198
911.4845199585,1.042,10.031,1197
911.9844799042,1.042,10.031,1198
912.4845299721,1.043,10.031,1198
912.9844799042,1.043,10.031,1198
913.4844698906,1.043,10.031,1198
913.9844200611,1.043,10.031,1198
914.4844799042,1.043,10.031,1198
914.9844799042,1.043,10.031,1198
915.4844799042,1.044,10.031,1198
915.9844799042,1.044,10.031,1198
916.4844999313,1.043,10.031,1198
916.9844799042,1.044,10.031,1198
917.4845099449,1.044,10.031,1198
917.9845099449,1.044,10.031,1198
918.4844899178,1.045,10.031,1198
918.9844799042,1.045,10.031,1198
919.4845199585,1.045,10.031,1198
919.9845199585,1.045,10.031,1198
920.4844999313,1.045,10.031,1198
920.9845099449,1.045,10.031,1198
921.4844799042,1.046,10.031,1198
921.9844899178,1.046,10.031,1198
922.4845099449,1.046,10.031,1198
922.9844999313,1.047,10.031,1198
923.4844799042,1.047,10.031,1198
923.9844999313,1.047,10.031,1198
924.4844799042,1.047,10.03,1198
924.9845299721,1.048,10.031,1198
925.4844799042,1.048,10.031,1198
925.9844799042,1.048,10.031,1198
926.4844899178,1.048,10.031,1198
926.9844799042,1.048,10.031,1199
927.4845099449,1.049,10.031,1199
927.9845199585,1.049,10.031,1198
928.4844799042,1.049,10.031,1199
928.9844999313,1.049,10.031,1198
929.4845099449,1.049,10.031,1198
929.9844698906,1.049,10.031,1198
930.4844899178,1.05,10.031,1199
930.9844799042,1.05,10.031,1198
931.4844799042,1.05,10.031,1198
931.9845099449,1.05,10.031,1198
932.4845099449,1.05,10.031,1198
932.9845099449,1.051,10.031,1198
933.4845099449,1.051,10.031,1198
933.9844799042,1.051,10.031,1198
934.4844999313,1.052,10.031,1198
934.9845099449,1.052,10.031,1198
935.4844799042,1.052,10.031,1198
935.9845099449,1.052,10.031,1198
936.4844400883,1.053,10.031,1198
936.9844999313,1.052,10.031,1198
937.4844799042,1.053,10.031,1198
937.9844799042,1.053,10.031,1198
938.4844799042,1.053,10.031,1198
938.9844799042,1.053,10.031,1198
939.4844799042,1.053,10.031,1198
939.9844799042,1.054,10.031,1198
940.4844799042,1.054,10.031,1198
940.9845099449,1.054,10.031,1198
941.4844799042,1.053,10.031,1198
941.9845099449,1.053,10.031,1198
942.4845199585,1.054,10.031,1198
942.9844799042,1.053,10.031,1198
943.4845199585,1.054,10.031,1198
943.9844799042,1.054,10.031,1198
944.4844501019,1.054,10.031,1198
944.9844799042,1.054,10.031,1199
945.4845099449,1.054,10.031,1199
945.9845099449,1.054,10.031,1199
946.4844799042,1.054,10.031,1199
946.9844799042,1.054,10.031,1198
947.4844899178,1.054,10.031,1198
947.9845099449,1.054,10.031,1199
948.4844799042,1.054,10.031,1198
948.9844999313,1.055,10.031,1198
949.4845099449,1.055,10.031,1198
949.9844899178,1.055,10.031,1198
950.4844601154,1.055,10.031,1198
950.9845099449,1.055,10.031,1198
951.4844799042,1.055,10.031,1198
951.9844799042,1.055,10.031,1198
952.4844999313,1.055,10.031,1198
952.9845099449,1.056,10.031,1198
953.4844799042,1.056,10.031,1198
953.9844799042,1.056,10.031,1198
954.4844501019,1.056,10.031,1198
954.9844899178,1.056,10.031,1198
955.4845099449,1.057,10.031,1198
955.9844799042,1.057,10.031,1198
956.4845199585,1.057,10.031,1198
956.9845099449,1.057,10.031,1198
957.4845099449,1.057,10.031,1198
957.9844799042,1.058,10.031,1198
958.4844799042,1.058,10.031,1198
958.9844999313,1.058,10.031,1198
959.4845099449,1.058,10.031,1198
959.9845199585,1.058,10.031,1198
960.4844200611,1.058,10.031,1198
960.9844899178,1.058,10.031,1198
961.4844799042,1.058,10.031,1198
961.9844799042,1.058,10.032,1198
962.4844799042,1.059,10.031,1198
962.9844799042,1.059,10.031,1198
963.4845199585,1.059,10.031,1198
963.9844799042,1.059,10.031,1197
964.4844799042,1.059,10.031,1198
964.9844799042,1.059,10.031,1198
965.4845099449,1.059,10.031,1198
965.9845099449,1.06,10.031,1198
966.4844698906,1.06,10.031,1198
966.9844999313,1.06,10.032,1198
967.4844799042,1.06,10.031,1198
967.9844999313,1.061,10.031,1198
968.4844698906,1.061,10.031,1198
968.9845099449,1.061,10.032,1197
969.4845099449,1.061,10.031,1198
969.9844999313,1.061,10.032,1198
970.4844999313,1.062,10.031,1198
970.9845099449,1.062,10.031,1198
971.4844999313,1.062,10.031,1198
971.9845099449,1.062,10.031,1198
972.4844799042,1.062,10.031,1198
972.9844799042,1.062,10.031,1198
973.4844698906,1.063,10.031,1198
973.9844799042,1.063,10.031,1198
974.4844799042,1.062,10.031,1199
974.9844899178,1.063,10.031,1198
975.4844799042,1.063,10.031,1198
975.9844899178,1.063,10.031,1198
976.4844300747,1.064,10.031,1198
976.9845099449,1.063,10.031,1198
977.4844799042,1.064,10.031,1198
977.9844899178,1.064,10.031,1198
978.4844799042,1.065,10.031,1198
978.9844799042,1.065,10.031,1198
979.4845099449,1.065,10.031,1198
979.9845099449,1.065,10.031,1198
980.4844999313,1.065,10.031,1198
980.9845299721,1.065,10.032,1198
981.4845199585,1.065,10.031,1198
981.9845099449,1.066,10.032,1198
982.4845099449,1.066,10.031,1198
982.9845299721,1.066,10.031,1198
983.4845099449,1.066,10.032,1198
983.9844799042,1.067,10.032,1198
984.4844799042,1.067,10.031,1198
984.9845099449,1.068,10.031,1198
985.4844799042,1.067,10.031,1198
985.9845099449,1.067,10.031,1198
986.4844799042,1.067,10.031,1198
986.9845199585,1.068,10.031,1198
987.4845099449,1.068,10.031,1198
987.9844999313,1.068,10.031,1198
988.4845099449,1.068,10.031,1198
988.9845099449,1.068,10.031,1198
989.4845099449,1.068,10.031,1198
989.9845099449,1.069,10.032,1198
990.4844698906,1.069,10.031,1198
990.9844899178,1.069,10.031,1198
991.4845099449,1.069,10.031,1198
991.9844698906,1.069,10.031,1198
992.4845099449,1.069,10.032,1198
992.9844501019,1.07,10.031,1198
993.4844300747,1.07,10.031,1198
993.9845099449,1.07,10.032,1198
994.4845099449,1.07,10.031,1198
994.9844799042,1.071,10.031,1198
995.4844799042,1.07,10.032,1198
995.9844799042,1.071,10.032,1198
996.4844501019,1.071,10.031,1198
996.9845099449,1.071,10.032,1198
997.4844698906,1.071,10.031,1198
997.9845199585,1.071,10.031,1199
998.4844601154,1.072,10.031,1198
998.9845099449,1.071,10.031,1198
999.4845099449,1.071,10.031,1198
999.9844799042,1.072,10.032,1198
1000.4844799042,1.072,10.031,1198
1000.9844999313,1.072,10.031,1198
1001.4844601154,1.072,10.031,1198
1001.9845099449,1.072,10.031,1198
1002.4844799042,1.072,10.031,1198
1002.9844799042,1.072,10.031,1199
1003.4845099449,1.072,10.031,1198
1003.9844899178,1.072,10.031,1198
1004.4844799042,1.072,10.032,1198
1004.9845099449,1.073,10.031,1199
1005.4845199585,1.073,10.031,1199
1005.9845199585,1.073,10.031,1199
1006.4845199585,1.073,10.031,1199
1006.9844999313,1.073,10.031,1199
1007.4844799042,1.073,10.031,1198
1007.9844799042,1.073,10.031,1199
1008.4844501019,1.073,10.031,1199
1008.9845199585,1.073,10.031,1199
1009.4844400883,1.073,10.031,1199
1009.9845099449,1.073,10.032,1199
1010.4845099449,1.074,10.031,1199
1010.9845099449,1.074,10.031,1199
1011.4844698906,1.074,10.031,1199
1011.9844799042,1.074,10.032,1199
1012.4844400883,1.075,10.032,1199
1012.9844799042,1.075,10.031,1199
1013.4845099449,1.075,10.031,1199
1013.9845099449,1.075,10.031,1199
1014.4845099449,1.076,10.032,1199
1014.9845099449,1.076,10.031,1199
1015.4844799042,1.076,10.031,1199
1015.9844799042,1.076,10.031,1199
1016.4845099449,1.077,10.031,1199
1016.9844799042,1.077,10.031,1199
1017.4845199585,1.077,10.031,1199
1017.9844899178,1.077,10.031,1199
1018.4844799042,1.077,10.031,1199
1018.9845099449,1.077,10.031,1199
1019.4845199585,1.077,10.031,1199
1019.9844799042,1.077,10.032,1199
1020.4844501019,1.077,10.032,1199
1020.9844999313,1.078,10.031,1199
1021.4845099449,1.078,10.032,1199
1021.9845099449,1.078,10.031,1198
1022.4845099449,1.078,10.031,1199
1022.9845099449,1.078,10.031,1198
1023.4845099449,1.078,10.032,1199
1023.9845099449,1.078,10.031,1198
1024.4844200611,1.079,10.031,1199
1024.9844999313,1.078,10.032,1198
1025.4844799042,1.079,10.032,1199
1025.9844799042,1.079,10.032,1199
1026.4844799042,1.079,10.031,1199
1026.9844799042,1.079,10.031,1198
1027.4844400883,1.079,10.031,1199
1027.9845099449,1.079,10.031,1199
1028.4844698906,1.08,10.031,1199
1028.9845099449,1.08,10.032,1198
1029.4844400883,1.08,10.032,1198
1029.9845099449,1.08,10.031,1198
1030.4844698906,1.08,10.031,1198
1030.9845099449,1.08,10.032,1199
1031.4844899178,1.08,10.032,1198
1031.9845099449,1.081,10.031,1199
1032.4844799042,1.08,10.031,1199
1032.9844799042,1.081,10.032,1199
1033.4844601154,1.081,10.032,1199
1033.9845099449,1.082,10.032,1199
1034.4845099449,1.081,10.031,1199
1034.9844799042,1.082,10.031,1199
1035.4845099449,1.082,10.031,1199
1035.9845099449,1.083,10.031,1199
1036.4845199585,1.083,10.031,1199
1036.9845099449,1.082,10.032,1199
1037.4845099449,1.083,10.032,1199
1037.9844799042,1.084,10.032,1199
1038.4844501019,1.084,10.032,1199
1038.9844999313,1.083,10.032,1199
1039.4844799042,1.084,10.032,1199
1039.9845299721,1.084,10.031,1199
1040.4844999313,1.084,10.031,1199
1040.9845099449,1.085,10.031,1198
1041.4844799042,1.085,10.031,1199
1041.9845099449,1.085,10.031,1199
1042.4845199585,1.085,10.031,1199
1042.9844999313,1.085,10.032,1199
1043.4845199585,1.085,10.031,1198
1043.9845099449,1.085,10.031,1198
1044.4844698906,1.086,10.032,1198
1044.9844799042,1.085,10.031,1198
1045.4844601154,1.085,10.031,1199
1045.9845099449,1.086,10.032,1198
1046.4845099449,1.086,10.032,1198
1046.9845099449,1.086,10.032,1198
1047.4845099449,1.086,10.031,1198
1047.9844799042,1.086,10.031,1198
1048.4845099449,1.086,10.032,1198
1048.9845099449,1.085,10.032,1198
1049.4845099449,1.086,10.031,1198
1049.9844799042,1.086,10.031,1198
1050.4844799042,1.086,10.032,1198
1050.9845199585,1.086,10.032,1198
1051.4845199585,1.086,10.032,1198
1051.9844501019,1.086,10.032,1198
1052.4845099449,1.086,10.032,1198
1052.9844799042,1.086,10.032,1198
1053.4845099449,1.086,10.032,1198
1053.9845099449,1.087,10.032,1198
1054.4845199585,1.087,10.032,1198
1054.9845099449,1.087,10.031,1198
1055.4845099449,1.087,10.031,1197
1055.9844799042,1.086,10.031,1197
1056.4844501019,1.086,10.032,1198
1056.9844899178,1.087,10.032,1198
1057.4844799042,1.086,10.032,1198
1057.9845099449,1.087,10.032,1198
1058.4844698906,1.087,10.032,1198
1058.9845199585,1.087,10.032,1198
1059.4844799042,1.087,10.032,1197
1059.9845099449,1.088,10.032,1198
1060.4845099449,1.087,10.032,1198
1060.9844799042,1.087,10.031,1198
1061.4845099449,1.088,10.032,1198
1061.9845099449,1.088,10.031,1198
1062.4844100475,1.088,10.032,1198
1062.9844899178,1.088,10.031,1197
1063.4845099449,1.088,10.031,1198
1063.9844799042,1.089,10.032,1198
1064.4844899178,1.089,10.032,1198
1064.9845099449,1.089,10.031,1198
1065.4845099449,1.089,10.032,1198
1065.9845099449,1.089,10.031,1198
1066.4845099449,1.089,10.032,1198
1066.9845099449,1.09,10.032,1198
1067.4844999313,1.09,10.032,1198
1067.9845099449,1.09,10.031,1198
1068.4844698906,1.09,10.032,1198
1068.9845099449,1.09,10.032,1198
1069.4845099449,1.09,10.032,1198
1069.9845099449,1.09,10.032,1198
1070.4844799042,1.09,10.032,1198
1070.9845099449,1.09,10.032,1198
1071.4844799042,1.09,10.032,1198
1071.9845099449,1.09,10.032,1198
1072.4845099449,1.091,10.032,1198
1072.9844799042,1.091,10.032,1198
1073.4845099449,1.091,10.032,1198
1073.9845099449,1.092,10.032,1198
1074.4844698906,1.091,10.031,1198
1074.9845099449,1.092,10.032,1198
1075.4844899178,1.092,10.032,1198
1075.9844799042,1.092,10.032,1198
1076.4844999313,1.092,10.032,1198
1076.9845099449,1.092,10.032,1198
1077.4844601154,1.093,10.031,1198
1077.9845099449,1.093,10.031,1198
1078.4845099449,1.093,10.031,1198
1078.9844999313,1.093,10.032,1198
1079.4844799042,1.093,10.032,1198
1079.9844799042,1.094,10.032,1197
1080.4844601154,1.093,10.032,1198
1080.9844899178,1.094,10.032,1198
1081.4844799042,1.094,10.032,1198
1081.9845099449,1.094,10.032,1198
1082.4845099449,1.094,10.032,1198
1082.9845099449,1.094,10.032,1198
1083.4845099449,1.094,10.031,1198
1083.9845099449,1.094,10.031,1198
1084.4844799042,1.094,10.032,1198
1084.9844799042,1.094,10.032,1198
1085.4844799042,1.094,10.032,1198
1085.9844799042,1.094,10.032,1198
1086.4844400883,1.094,10.032,1198
1086.9845099449,1.094,10.032,1198
1087.4844799042,1.094,10.032,1198
1087.9845099449,1.094,10.032,1198
1088.4845099449,1.094,10.032,1198
1088.9844400883,1.095,10.032,1198
1089.4845099449,1.094,10.032,1198
1089.9845199585,1.094,10.032,1198
1090.4844799042,1.094,10.032,1198
1090.9845099449,1.094,10.032,1198
1091.4845099449,1.094,10.032,1198
1091.9845099449,1.095,10.031,1198
1092.4844501019,1.094,10.032,1198
1092.9844899178,1.095,10.032,1198
1093.4844601154,1.095,10.032,1198
1093.9844799042,1.095,10.031,1198
1094.4845099449,1.095,10.032,1198
1094.9845099449,1.095,10.032,1198
1095.4844799042,1.095,10.032,1198
1095.9845199585,1.095,10.032,1198
1096.4844799042,1.095,10.032,1198
1096.9845099449,1.096,10.032,1198
1097.4844799042,1.095,10.032,1198
1097.9845099449,1.096,10.032,1198
1098.4844400883,1.096,10.032,1198
1098.9844799042,1.096,10.032,1199
1099.4845099449,1.096,10.032,1198
1099.9845099449,1.096,10.032,1198
1100.4844601154,1.097,10.032,1198
1100.9844999313,1.097,10.032,1198
1101.4845099449,1.097,10.031,1198
1101.9845199585,1.097,10.032,1198
1102.4845099449,1.097,10.032,1198
1102.9845099449,1.098,10.032,1198
1103.4845099449,1.098,10.032,1198
1103.9845099449,1.098,10.032,1198
1104.4844799042,1.098,10.032,1198
1104.9844899178,1.098,10.032,1198
1105.4844799042,1.098,10.032,1198
1105.9845199585,1.098,10.032,1197
1106.4844799042,1.099,10.032,1198
1106.9845199585,1.099,10.032,1198
1107.4845099449,1.099,10.032,1198
1107.9844799042,1.099,10.032,1198
1108.4845099449,1.099,10.032,1198
1108.9845099449,1.099,10.032,1198
1109.4844601154,1.099,10.031,1198
1109.9844799042,1.099,10.032,1198
1110.4844400883,1.099,10.032,1198
1110.9845099449,1.1,10.032,1198
1111.4845199585,1.099,10.032,1198
1111.9845099449,1.099,10.032,1198
1112.4845099449,1.099,10.032,1198
1112.9845099449,1.099,10.032,1198
1113.4845099449,1.1,10.032,1198
1113.9845099449,1.099,10.032,1198
1114.4845199585,1.099,10.032,1198
1114.9845199585,1.1,10.031,1198
1115.4845199585,1.1,10.032,1198
1115.9844501019,1.1,10.032,1198
1116.4844400883,1.1,10.032,1198
1116.9844799042,1.1,10.032,1198
1117.4844999313,1.1,10.032,1198
1117.9845099449,1.1,10.032,1199
1118.4844601154,1.1,10.032,1198
1118.9845099449,1.1,10.032,1198
1119.4844999313,1.1,10.032,1198
1119.9844799042,1.101,10.032,1198
1120.4844799042,1.101,10.032,1199
1120.9845199585,1.101,10.032,1198
1121.4844899178,1.101,10.032,1198
1121.9845099449,1.101,10.032,1198
1122.4844799042,1.102,10.032,1198
1122.9845099449,1.101,10.032,1198
1123.4845099449,1.102,10.032,1198
1123.9844999313,1.101,10.032,1198
1124.4844999313,1.101,10.031,1198
1124.9844799042,1.102,10.032,1198
1125.4844999313,1.102,10.032,1198
1125.9845099449,1.102,10.032,1198
1126.4845099449,1.102,10.032,1198
1126.9844698906,1.102,10.032,1198
1127.4845099449,1.103,10.032,1198
1127.9844799042,1.103,10.032,1198
1128.4844799042,1.103,10.032,1198
1128.9845099449,1.103,10.032,1198
1129.4844799042,1.103,10.032,1198
1129.9844999313,1.103,10.032,1198
1130.4845099449,1.103,10.032,1197
1130.9845099449,1.103,10.032,1198
1131.4844799042,1.103,10.032,1198
1131.9844999313,1.104,10.032,1197
1132.4844999313,1.104,10.032,1198
1132.9844799042,1.104,10.032,1198
1133.4845099449,1.104,10.032,1197
1133.9845099449,1.104,10.032,1198
1134.4844698906,1.105,10.032,1198
1134.9844999313,1.105,10.032,1198
1135.4844300747,1.105,10.032,1198
1135.9844899178,1.105,10.032,1198
1136.4844799042,1.105,10.032,1198
1136.9845099449,1.105,10.032,1198
1137.4844799042,1.106,10.032,1198
1137.9845099449,1.105,10.032,1198
1138.4844799042,1.106,10.032,1198
1138.9844799042,1.106,10.032,1198
1139.4844799042,1.106,10.032,1198
1139.9845199585,1.105,10.032,1198
1140.4844400883,1.106,10.032,1198
1140.9845099449,1.106,10.032,1198
1141.4844601154,1.106,10.032,1198
1141.9844899178,1.106,10.032,1198
1142.4844999313,1.106,10.032,1198
1142.9844899178,1.106,10.032,1198
1143.4845199585,1.106,10.032,1198
1143.9844799042,1.107,10.032,1198
1144.4845099449,1.107,10.032,1198
1144.9844899178,1.107,10.032,1198
1145.4844601154,1.107,10.032,1198
1145.9844799042,1.107,10.032,1198
1146.4844799042,1.107,10.032,1198
1146.9844999313,1.107,10.032,1198
1147.4844698906,1.107,10.032,1198
1147.9844799042,1.107,10.032,1197
1148.4844698906,1.108,10.032,1198
1148.9844799042,1.108,10.032,1197
1149.4845099449,1.108,10.032,1198
1149.9844999313,1.108,10.032,1198
1150.4845099449,1.108,10.032,1198
1150.9844999313,1.108,10.032,1198
1151.4844300747,1.108,10.032,1197
1151.9844799042,1.108,10.032,1198
1152.4844400883,1.108,10.032,1198
1152.9844799042,1.108,10.032,1198
1153.4844698906,1.109,10.032,1197
1153.9844799042,1.108,10.032,1197
1154.4844501019,1.109,10.032,1198
1154.9844999313,1.109,10.032,1197
1155.4845099449,1.109,10.032,1197
1155.9844799042,1.109,10.032,1197
1156.4845099449,1.109,10.032,1197
1156.9844799042,1.109,10.032,1198
1157.4844799042,1.109,10.032,1197
1157.9844799042,1.109,10.032,1198
1158.4844601154,1.109,10.032,1198
1158.9845099449,1.109,10.032,1198
1159.4845099449,1.109,10.032,1197
1159.9845099449,1.109,10.032,1197
1160.4844999313,1.109,10.032,1197
1160.9844999313,1.109,10.032,1198
1161.4844999313,1.108,10.031,1197
1161.9845099449,1.109,10.032,1197
1162.4844601154,1.109,10.032,1198
1162.9844799042,1.109,10.032,1198
1163.4844799042,1.109,10.032,1197
1163.9845099449,1.109,10.031,1198
1164.4844799042,1.109,10.032,1198
1164.9845099449,1.109,10.032,1198
1165.4844999313,1.109,10.032,1198
1165.9844799042,1.109,10.032,1198
1166.4844799042,1.11,10.032,1198
1166.9845099449,1.11,10.032,1198
1167.4844999313,1.11,10.032,1197
1167.9844799042,1.11,10.032,1197
1168.4844200611,1.11,10.032,1198
1168.9845099449,1.11,10.032,1198
1169.4845099449,1.11,10.032,1198
1169.9844999313,1.11,10.032,1198
1170.4845199585,1.11,10.032,1198
1170.9844799042,1.11,10.032,1198
1171.4844999313,1.11,10.032,1198
1171.9844799042,1.11,10.032,1198
1172.4844698906,1.109,10.032,1198
1172.9844799042,1.11,10.032,1198
1173.4844799042,1.11,10.032,1198
1173.9845099449,1.11,10.032,1198
1174.4844799042,1.11,10.032,1198
1174.9844799042,1.11,10.032,1198
1175.4844799042,1.11,10.032,1198
1175.9844999313,1.11,10.032,1199
1176.4844601154,1.111,10.032,1198
1176.9845099449,1.111,10.032,1199
1177.4844799042,1.111,10.032,1199
1177.9844799042,1.111,10.032,1199
1178.4844698906,1.111,10.032,1198
1178.9844799042,1.11,10.032,1199
1179.4844501019,1.112,10.032,1199
1179.9844799042,1.112,10.032,1198
1180.4844799042,1.111,10.032,1198
1180.9844799042,1.112,10.032,1199
1181.4845099449,1.112,10.032,1199
1181.9845099449,1.112,10.032,1198
1182.4844899178,1.112,10.032,1199
1182.9844999313,1.112,10.032,1199
1183.4844799042,1.112,10.032,1198
1183.9844799042,1.112,10.032,1198
1184.4844799042,1.113,10.032,1199
1184.9844799042,1.112,10.032,1199
1185.4845099449,1.113,10.032,1199
1185.9845099449,1.113,10.032,1199
1186.4845099449,1.113,10.032,1199
1186.9844799042,1.113,10.032,1198
1187.4844698906,1.113,10.032,1199
1187.9844799042,1.113,10.032,1198
1188.4844400883,1.113,10.032,1198
1188.9845099449,1.114,10.032,1198
1189.4844999313,1.114,10.032,1199
1189.9844999313,1.114,10.032,1199
1190.4845099449,1.114,10.032,1199
1190.9845099449,1.114,10.032,1198
1191.4844799042,1.114,10.032,1198
1191.9844999313,1.114,10.032,1199
1192.4845099449,1.114,10.032,1198
1192.9844799042,1.114,10.032,1198
1193.4844799042,1.114,10.032,1198
1193.9845099449,1.114,10.032,1198
1194.4844501019,1.115,10.032,1199
1194.9844799042,1.114,10.032,1198
1195.4844899178,1.115,10.032,1198
1195.9844999313,1.115,10.032,1198
1196.4845199585,1.115,10.032,1198
1196.9845099449,1.115,10.032,1198
1197.4844999313,1.115,10.032,1198
1197.9844799042,1.115,10.032,1198
1198.4845099449,1.115,10.032,1198
1198.9844999313,1.115,10.032,1198
1199.4845199585,1.115,10.033,1198
1199.9844799042,1.115,10.032,1197
1200.4844300747,1.114,10.032,1198
1200.9845099449,1.115,10.032,1198
1201.4845199585,1.115,10.032,1198
1201.9845099449,1.115,10.032,1198
1202.4845099449,1.115,10.032,1197
1202.9844999313,1.115,10.032,1197
1203.4844999313,1.115,10.032,1197
1203.9844799042,1.115,10.032,1198
1204.4844698906,1.115,10.032,1197
1204.9845099449,1.115,10.032,1197
1205.4845299721,1.115,10.032,1197
1205.9844799042,1.115,10.032,1197
1206.4844899178,1.115,10.032,1198
1206.9845099449,1.115,10.032,1197
1207.4844799042,1.115,10.032,1197
1207.9845099449,1.116,10.032,1197
1208.4844601154,1.116,10.032,1197
1208.9844899178,1.116,10.032,1197
1209.4844999313,1.116,10.032,1197
1209.9844999313,1.116,10.032,1197
1210.4845199585,1.116,10.032,1197
1210.9845099449,1.116,10.032,1197
1211.4844799042,1.116,10.032,1197
1211.9844799042,1.116,10.032,1197
1212.4844501019,1.116,10.032,1197
1212.9845099449,1.116,10.032,1197
1213.4844601154,1.116,10.032,1197
1213.9845099449,1.116,10.032,1197
1214.4845099449,1.116,10.032,1197
1214.9844200611,1.116,10.032,1197
1215.4844799042,1.116,10.033,1197
1215.9844799042,1.116,10.032,1197
1216.4844799042,1.116,10.033,1197
1216.9844799042,1.116,10.032,1197
1217.4844799042,1.116,10.032,1197
1217.9844799042,1.116,10.032,1197
1218.4844698906,1.117,10.032,1197
1218.9844799042,1.117,10.032,1197
1219.4845099449,1.117,10.032,1197
1219.9845199585,1.117,10.032,1197
1220.4845099449,1.118,10.032,1197
1220.9844799042,1.117,10.032,1197
1221.4844799042,1.118,10.032,1197
1221.9844799042,1.118,10.032,1197
1222.4844799042,1.118,10.032,1197
1222.9844799042,1.118,10.032,1197
1223.4845099449,1.118,10.032,1197
1223.9844799042,1.118,10.033,1197
1224.4844799042,1.118,10.032,1197
1224.9845199585,1.118,10.032,1197
1225.4845099449,1.118,10.032,1197
1225.9844999313,1.118,10.032,1197
1226.4844999313,1.118,10.033,1197
1226.9845099449,1.118,10.033,1197
1227.4845199585,1.118,10.032,1197
1227.9845099449,1.118,10.032,1197
1228.4845199585,1.118,10.033,1197
1228.9845099449,1.118,10.032,1197
1229.4845099449,1.118,10.032,1197
1229.9844799042,1.118,10.032,1197
1230.4844799042,1.118,10.032,1197
1230.9844300747,1.119,10.032,1197
1231.4844899178,1.119,10.032,1197
1231.9845199585,1.119,10.032,1197
1232.4844799042,1.119,10.032,1197
1232.9845099449,1.119,10.032,1197
1233.4845099449,1.119,10.032,1197
1233.9844799042,1.12,10.033,1197
1234.4845099449,1.12,10.032,1197
1234.9844799042,1.12,10.032,1197
1235.4845099449,1.12,10.032,1197
1235.9845099449,1.12,10.032,1197
1236.4844799042,1.12,10.032,1197
1236.9844799042,1.12,10.032,1197
1237.4844999313,1.12,10.032,1198
1237.9845099449,1.121,10.032,1197
1238.4844601154,1.121,10.032,1197
1238.9844799042,1.12,10.032,1197
1239.4845099449,1.12,10.032,1197
1239.9844799042,1.12,10.033,1197
1240.4844999313,1.12,10.032,1197
1240.9845099449,1.121,10.032,1197
1241.4845199585,1.12,10.032,1197
1241.9845099449,1.121,10.032,1197
1242.4845099449,1.121,10.032,1197
1242.9845099449,1.121,10.032,1197
1243.4845299721,1.121,10.033,1197
1243.9844899178,1.121,10.033,1197
1244.4845099449,1.121,10.032,1197
1244.9845199585,1.121,10.033,1198
1245.4845099449,1.121,10.037,1198
1245.9845099449,1.122,10.041,1197
1246.4845099449,1.121,10.046,1196
1246.9845099449,1.122,10.059,1192
1247.4844899178,1.122,10.062,1161
1247.9844300747,1.122,10.095,1135
1248.4844601154,1.122,10.126,1106
1248.9845099449,1.122,10.149,1067
